X√‡,Y√‡,orientation,None,skirt,brim,raft,,,
0 ,0 ,"(0°∆,0°∆)",31.8 ,31.8 ,31.9 ,33.6 ,,,
30 ,0 ,"(30°∆,0°∆)",33.9 ,34.0 ,34.0 ,35.6 ,,,
60 ,0 ,"(60°∆,0°∆)",33.9 ,33.9 ,34.1 ,35.6 ,,,
90 ,0 ,"(90°∆,0°∆)",32.4 ,32.5 ,32.5 ,34.3 ,,,
120 ,0 ,"(120°∆,0°∆)",36.1 ,36.2 ,36.3 ,38.3 ,,,
150 ,0 ,"(150°∆,0°∆)",36.1 ,36.1 ,35.8 ,38.2 ,,,
180 ,0 ,"(180°∆,0°∆)",36.5 ,36.5 ,36.7 ,37.9 ,,,
210 ,0 ,"(210°∆,0°∆)",41.2 ,41.2 ,41.4 ,42.6 ,,,
240 ,0 ,"(240°∆,0°∆)",44.8 ,44.8 ,45.0 ,46.7 ,,,
270 ,0 ,"(270°∆,0°∆)",39.1 ,39.2 ,39.2 ,41.4 ,,,
300 ,0 ,"(300°∆,0°∆)",35.7 ,35.7 ,36.1 ,37.6 ,,,
330 ,0 ,"(330°∆,0°∆)",37.3 ,37.3 ,37.0 ,39.3 ,,,
360 ,0 ,"(360°∆,0°∆)",31.8 ,31.8 ,31.9 ,33.6 ,,,
0 ,30 ,"(0°∆,30°∆)",34.8 ,34.9 ,34.9 ,36.4 ,,,
30 ,30 ,"(30°∆,30°∆)",32.4 ,32.5 ,32.6 ,33.6 ,,,
60 ,30 ,"(60°∆,30°∆)",35.8 ,35.9 ,36.0 ,37.6 ,,,
90 ,30 ,"(90°∆,30°∆)",36.4 ,36.4 ,36.5 ,38.5 ,,,
120 ,30 ,"(120°∆,30°∆)",35.6 ,35.7 ,35.8 ,38.0 ,,,
150 ,30 ,"(150°∆,30°∆)",34.5 ,34.5 ,34.8 ,36.4 ,,,
180 ,30 ,"(180°∆,30°∆)",34.8 ,34.9 ,34.7 ,36.2 ,,,
210 ,30 ,"(210°∆,30°∆)",35.0 ,35.0 ,35.2 ,36.1 ,,,
240 ,30 ,"(240°∆,30°∆)",34.0 ,35.2 ,35.3 ,36.7 ,,,
270 ,30 ,"(270°∆,30°∆)",32.1 ,32.1 ,32.2 ,33.6 ,,,
300 ,30 ,"(300°∆,30°∆)",32.5 ,32.6 ,32.7 ,33.9 ,,,
330 ,30 ,"(330°∆,30°∆)",33.6 ,33.7 ,34.0 ,35.0 ,,,
360 ,30 ,"(360°∆,30°∆)",34.8 ,34.9 ,34.9 ,36.4 ,,,
0 ,60 ,"(0°∆,60°∆)",34.4 ,34.5 ,34.7 ,35.5 ,,,
30 ,60 ,"(30°∆,60°∆)",37.0 ,37.1 ,37.3 ,38.4 ,,,
60 ,60 ,"(60°∆,60°∆)",39.1 ,39.2 ,39.4 ,40.8 ,,,
90 ,60 ,"(90°∆,60°∆)",37.6 ,37.7 ,37.8 ,39.1 ,,,
120 ,60 ,"(120°∆,60°∆)",35.9 ,36.0 ,36.1 ,37.4 ,,,
150 ,60 ,"(150°∆,60°∆)",34.1 ,34.2 ,34.3 ,35.5 ,,,
180 ,60 ,"(180°∆,60°∆)",32.7 ,32.7 ,32.9 ,33.9 ,,,
210 ,60 ,"(210°∆,60°∆)",31.6 ,31.6 ,31.8 ,32.7 ,,,
240 ,60 ,"(240°∆,60°∆)",31.5 ,31.6 ,31.7 ,32.7 ,,,
270 ,60 ,"(270°∆,60°∆)",32.1 ,32.2 ,32.4 ,33.2 ,,,
300 ,60 ,"(300°∆,60°∆)",33.1 ,33.2 ,33.3 ,34.1 ,,,
330 ,60 ,"(330°∆,60°∆)",34.5 ,34.6 ,34.7 ,35.6 ,,,
360 ,60 ,"(360°∆,60°∆)",34.7 ,34.5 ,34.7 ,35.3 ,,,
0 ,90 ,"(0°∆,90°∆)",36.2 ,36.3 ,36.4 ,37.5 ,,,
30 ,90 ,"(30°∆,90°∆)",36.2 ,36.3 ,36.4 ,37.5 ,,,
60 ,90 ,"(60°∆,90°∆)",35.9 ,35.9 ,36.1 ,37.1 ,,,
90 ,90 ,"(90°∆,90°∆)",36.0 ,36.0 ,36.2 ,37.2 ,,,
120 ,90 ,"(120°∆,90°∆)",36.0 ,36.1 ,36.2 ,37.3 ,,,
150 ,90 ,"(150°∆,90°∆)",35.8 ,35.9 ,36.0 ,37.1 ,,,
180 ,90 ,"(180°∆,90°∆)",35.9 ,35.9 ,36.1 ,37.1 ,,,
210 ,90 ,"(210°∆,90°∆)",36.0 ,36.1 ,36.2 ,37.3 ,,,
240 ,90 ,"(240°∆,90°∆)",36.0 ,36.0 ,36.2 ,37.2 ,,,
270 ,90 ,"(270°∆,90°∆)",35.9 ,36.0 ,36.1 ,37.2 ,,,
300 ,90 ,"(300°∆,90°∆)",36.1 ,36.1 ,36.2 ,37.4 ,,,
330 ,90 ,"(330°∆,90°∆)",35.9 ,36.0 ,36.1 ,37.2 ,,,
360 ,90 ,"(360°∆,90°∆)",36.2 ,36.3 ,36.4 ,37.5 ,,,
0 ,120 ,"(0°∆,120°∆)",32.6 ,32.7 ,32.8 ,33.9 ,,,
30 ,120 ,"(30°∆,120°∆)",31.6 ,31.6 ,31.7 ,32.6 ,,,
60 ,120 ,"(60°∆,120°∆)",31.3 ,31.3 ,31.5 ,32.3 ,,,
90 ,120 ,"(90°∆,120°∆)",32.1 ,32.1 ,32.3 ,33.1 ,,,
120 ,120 ,"(120°∆,120°∆)",33.3 ,33.4 ,33.5 ,34.3 ,,,
150 ,120 ,"(150°∆,120°∆)",34.4 ,34.5 ,34.6 ,35.4 ,,,
180 ,120 ,"(180°∆,120°∆)",34.5 ,34.5 ,34.7 ,35.5 ,,,
210 ,120 ,"(210°∆,120°∆)",36.9 ,37.0 ,37.2 ,38.3 ,,,
240 ,120 ,"(240°∆,120°∆)",38.7 ,38.8 ,39.0 ,40.3 ,,,
270 ,120 ,"(270°∆,120°∆)",37.6 ,37.7 ,37.8 ,39.1 ,,,
300 ,120 ,"(300°∆,120°∆)",35.9 ,36.0 ,36.1 ,37.4 ,,,
330 ,120 ,"(330°∆,120°∆)",34.2 ,34.3 ,34.4 ,35.6 ,,,
360 ,120 ,"(360°∆,120°∆)",32.6 ,32.7 ,32.8 ,33.9 ,,,
0 ,150 ,"(0°∆,150°∆)",34.9 ,34.9 ,34.7 ,36.2 ,,,
30 ,150 ,"(30°∆,150°∆)",34.8 ,34.8 ,34.9 ,35.8 ,,,
60 ,150 ,"(60°∆,150°∆)",35.2 ,35.2 ,35.4 ,36.7 ,,,
90 ,150 ,"(90°∆,150°∆)",32.1 ,32.2 ,32.2 ,33.7 ,,,
120 ,150 ,"(120°∆,150°∆)",32.6 ,32.6 ,32.8 ,34.0 ,,,
150 ,150 ,"(150°∆,150°∆)",33.9 ,34.0 ,34.2 ,35.3 ,,,
180 ,150 ,"(180°∆,150°∆)",35.2 ,35.3 ,35.3 ,36.8 ,,,
210 ,150 ,"(210°∆,150°∆)",32.3 ,32.3 ,32.5 ,33.4 ,,,
240 ,150 ,"(240°∆,150°∆)",35.6 ,35.7 ,35.9 ,37.5 ,,,
270 ,150 ,"(270°∆,150°∆)",36.2 ,36.3 ,36.3 ,38.4 ,,,
300 ,150 ,"(300°∆,150°∆)",35.7 ,35.7 ,35.8 ,38.0 ,,,
330 ,150 ,"(330°∆,150°∆)",34.4 ,34.4 ,34.7 ,36.4 ,,,
360 ,150 ,"(360°∆,150°∆)",34.9 ,34.9 ,34.7 ,36.2 ,,,
0 ,180 ,"(0°∆,180°∆)",36.4 ,36.4 ,36.6 ,37.8 ,,,
30 ,180 ,"(30°∆,180°∆)",41.2 ,41.2 ,41.4 ,42.6 ,,,
60 ,180 ,"(60°∆,180°∆)",45.1 ,45.1 ,45.2 ,47.0 ,,,
90 ,180 ,"(90°∆,180°∆)",39.0 ,39.1 ,39.1 ,41.2 ,,,
120 ,180 ,"(120°∆,180°∆)",35.7 ,35.7 ,36.0 ,37.6 ,,,
150 ,180 ,"(150°∆,180°∆)",37.1 ,37.1 ,36.8 ,39.1 ,,,
180 ,180 ,"(180°∆,180°∆)",31.7 ,31.7 ,31.8 ,33.4 ,,,
210 ,180 ,"(210°∆,180°∆)",33.9 ,34.0 ,34.0 ,35.6 ,,,
240 ,180 ,"(240°∆,180°∆)",33.7 ,33.7 ,33.9 ,35.3 ,,,
270 ,180 ,"(270°∆,180°∆)",32.4 ,32.5 ,32.5 ,34.4 ,,,
300 ,180 ,"(300°∆,180°∆)",36.1 ,36.1 ,36.2 ,38.2 ,,,
330 ,180 ,"(330°∆,180°∆)",36.2 ,36.2 ,35.9 ,38.2 ,,,
360 ,180 ,"(360°∆,180°∆)",36.4 ,36.4 ,36.6 ,37.8 ,,,
0 ,210 ,"(0°∆,210°∆)",35.9 ,35.9 ,35.7 ,37.2 ,,,
30 ,210 ,"(30°∆,210°∆)",40.6 ,40.6 ,40.4 ,42.1 ,,,
60 ,210 ,"(60°∆,210°∆)",44.0 ,44.0 ,44.3 ,46.0 ,,,
90 ,210 ,"(90°∆,210°∆)",38.1 ,38.2 ,38.3 ,39.9 ,,,
120 ,210 ,"(120°∆,210°∆)",35.5 ,35.5 ,35.3 ,37.4 ,,,
150 ,210 ,"(150°∆,210°∆)",36.3 ,36.3 ,36.1 ,38.0 ,,,
180 ,210 ,"(180°∆,210°∆)",37.1 ,37.1 ,37.2 ,39.0 ,,,
210 ,210 ,"(210°∆,210°∆)",33.9 ,33.9 ,34.2 ,35.4 ,,,
240 ,210 ,"(240°∆,210°∆)",33.4 ,33.4 ,33.6 ,34.8 ,,,
270 ,210 ,"(270°∆,210°∆)",33.6 ,33.6 ,33.7 ,35.1 ,,,
300 ,210 ,"(300°∆,210°∆)",37.4 ,37.5 ,33.7 ,39.4 ,,,
330 ,210 ,"(330°∆,210°∆)",36.1 ,36.2 ,36.4 ,37.8 ,,,
360 ,210 ,"(360°∆,210°∆)",35.9 ,35.9 ,35.7 ,37.2 ,,,
0 ,240 ,"(0°∆,240°∆)",34.6 ,34.6 ,34.4 ,36.1 ,,,
30 ,240 ,"(30°∆,240°∆)",36.7 ,36.7 ,36.9 ,38.4 ,,,
60 ,240 ,"(60°∆,240°∆)",37.1 ,37.1 ,37.3 ,39.0 ,,,
90 ,240 ,"(90°∆,240°∆)",34.8 ,34.8 ,35.0 ,36.6 ,,,
120 ,240 ,"(120°∆,240°∆)",32.4 ,32.4 ,32.1 ,34.2 ,,,
150 ,240 ,"(150°∆,240°∆)",34.0 ,34.0 ,33.7 ,35.6 ,,,
180 ,240 ,"(180°∆,240°∆)",34.2 ,34.2 ,34.0 ,35.9 ,,,
210 ,240 ,"(210°∆,240°∆)",32.5 ,32.6 ,32.8 ,34.0 ,,,
240 ,240 ,"(240°∆,240°∆)",31.6 ,31.7 ,31.8 ,33.0 ,,,
270 ,240 ,"(270°∆,240°∆)",32.7 ,32.8 ,32.9 ,34.1 ,,,
300 ,240 ,"(300°∆,240°∆)",33.4 ,33.4 ,33.6 ,34.7 ,,,
330 ,240 ,"(330°∆,240°∆)",33.9 ,33.9 ,34.1 ,35.3 ,,,
360 ,240 ,"(360°∆,240°∆)",34.6 ,34.6 ,34.4 ,36.1 ,,,
0 ,270 ,"(0°∆,270°∆)",32.3 ,32.3 ,32.5 ,33.9 ,,,
30 ,270 ,"(30°∆,270°∆)",32.3 ,32.4 ,32.5 ,33.9 ,,,
60 ,270 ,"(60°∆,270°∆)",32.4 ,32.5 ,32.6 ,34.1 ,,,
90 ,270 ,"(90°∆,270°∆)",32.4 ,32.5 ,32.6 ,34.1 ,,,
120 ,270 ,"(120°∆,270°∆)",32.4 ,32.4 ,32.6 ,34.0 ,,,
150 ,270 ,"(150°∆,270°∆)",32.3 ,32.3 ,32.4 ,33.9 ,,,
180 ,270 ,"(180°∆,270°∆)",32.2 ,32.3 ,32.4 ,33.8 ,,,
210 ,270 ,"(210°∆,270°∆)",32.4 ,32.5 ,32.6 ,34.0 ,,,
240 ,270 ,"(240°∆,270°∆)",32.3 ,32.4 ,32.5 ,34.0 ,,,
270 ,270 ,"(270°∆,270°∆)",32.4 ,32.4 ,32.6 ,34.0 ,,,
300 ,270 ,"(300°∆,270°∆)",32.3 ,32.4 ,32.5 ,34.0 ,,,
330 ,270 ,"(330°∆,270°∆)",32.3 ,32.4 ,32.5 ,34.0 ,,,
360 ,270 ,"(360°∆,270°∆)",32.3 ,32.4 ,32.5 ,33.9 ,,,
0 ,300 ,"(0°∆,300°∆)",34.1 ,34.1 ,33.8 ,35.8 ,,,
30 ,300 ,"(30°∆,300°∆)",32.6 ,32.7 ,32.9 ,34.1 ,,,
60 ,300 ,"(60°∆,300°∆)",31.5 ,31.6 ,31.7 ,32.9 ,,,
90 ,300 ,"(90°∆,300°∆)",32.7 ,32.8 ,32.9 ,34.0 ,,,
120 ,300 ,"(120°∆,300°∆)",33.5 ,33.6 ,33.7 ,34.9 ,,,
150 ,300 ,"(150°∆,300°∆)",33.7 ,33.8 ,34.0 ,35.2 ,,,
180 ,300 ,"(180°∆,300°∆)",34.7 ,34.7 ,34.4 ,36.2 ,,,
210 ,300 ,"(210°∆,300°∆)",36.6 ,36.6 ,36.8 ,38.3 ,,,
240 ,300 ,"(240°∆,300°∆)",37.2 ,37.2 ,37.4 ,39.0 ,,,
270 ,300 ,"(270°∆,300°∆)",34.7 ,34.7 ,34.9 ,36.5 ,,,
300 ,300 ,"(300°∆,300°∆)",32.5 ,32.5 ,32.2 ,34.3 ,,,
330 ,300 ,"(330°∆,300°∆)",34.4 ,34.4 ,34.1 ,36.1 ,,,
360 ,300 ,"(360°∆,300°∆)",34.1 ,34.1 ,33.8 ,35.8 ,,,
0 ,330 ,"(0°∆,330°∆)",37.0 ,37.0 ,37.1 ,38.9 ,,,
30 ,330 ,"(30°∆,330°∆)",33.9 ,33.9 ,34.2 ,35.5 ,,,
60 ,330 ,"(60°∆,330°∆)",33.3 ,33.3 ,33.6 ,34.8 ,,,
90 ,330 ,"(90°∆,330°∆)",33.4 ,33.5 ,33.6 ,34.9 ,,,
120 ,330 ,"(120°∆,330°∆)",37.3 ,37.4 ,37.6 ,39.3 ,,,
150 ,330 ,"(150°∆,330°∆)",36.2 ,36.3 ,36.4 ,37.9 ,,,
180 ,330 ,"(180°∆,330°∆)",35.9 ,35.9 ,36.1 ,37.2 ,,,
210 ,330 ,"(210°∆,330°∆)",40.5 ,40.5 ,40.3 ,41.9 ,,,
240 ,330 ,"(240°∆,330°∆)",43.1 ,43.1 ,43.3 ,45.0 ,,,
270 ,330 ,"(270°∆,330°∆)",37.9 ,38.0 ,38.1 ,39.6 ,,,
300 ,330 ,"(300°∆,330°∆)",35.3 ,35.3 ,35.1 ,37.2 ,,,
330 ,330 ,"(330°∆,330°∆)",36.1 ,36.1 ,35.9 ,37.7 ,,,
360 ,330 ,"(360°∆,330°∆)",37.0 ,37.0 ,37.1 ,38.9 ,,,
0 ,360 ,"(0°∆,360°∆)",31.8 ,31.8 ,31.9 ,33.6 ,,,
30 ,360 ,"(30°∆,360°∆)",33.9 ,34.0 ,34.0 ,35.6 ,,,
60 ,360 ,"(60°∆,360°∆)",33.9 ,33.9 ,34.1 ,35.6 ,,,
90 ,360 ,"(90°∆,360°∆)",32.4 ,32.5 ,32.5 ,34.3 ,,,
120 ,360 ,"(120°∆,360°∆)",36.1 ,36.2 ,36.3 ,38.3 ,,,
150 ,360 ,"(150°∆,360°∆)",36.1 ,36.1 ,35.8 ,38.2 ,,,
180 ,360 ,"(180°∆,360°∆)",36.5 ,36.5 ,36.7 ,37.9 ,,,
210 ,360 ,"(210°∆,360°∆)",41.2 ,41.2 ,41.4 ,42.6 ,,,
240 ,360 ,"(240°∆,360°∆)",44.8 ,44.8 ,45.0 ,46.7 ,,,
270 ,360 ,"(270°∆,360°∆)",39.1 ,39.2 ,39.2 ,41.4 ,,,
300 ,360 ,"(300°∆,360°∆)",35.7 ,35.7 ,36.1 ,37.6 ,,,
330 ,360 ,"(330°∆,360°∆)",37.3 ,37.3 ,37.0 ,39.3 ,,,
360 ,360 ,"(360°∆,360°∆)",31.8 ,31.8 ,31.9 ,33.6 ,,,
