mesh,group,ranking,top_k,local_cell_count,local_budget_fraction,tomo_best_vss,local_best_ratio
Group_A2_sphere,A,tuned,5,1561,0.011978115576154266,337.92022092283264,1.0
Group_A2_sphere,A,tuned,10,2254,0.017295754329693602,337.92022092283264,1.0
Group_A2_sphere,A,tuned,20,3457,0.026526806884538946,337.92022092283264,1.0
Group_A2_sphere,A,rtilde,5,1561,0.011978115576154266,337.92022092283264,1.0
Group_A2_sphere,A,rtilde,10,2254,0.017295754329693602,337.92022092283264,1.0
Group_A2_sphere,A,rtilde,20,3457,0.026526806884538946,337.92022092283264,1.0
Group_A5_torus,A,tuned,5,2144,0.01645168468627466,548.3602073566973,1.0566052058045992
Group_A5_torus,A,tuned,10,4219,0.032373907505313805,548.3602073566973,1.0566052058045992
Group_A5_torus,A,tuned,20,7021,0.05387466333131268,548.3602073566973,1.0566052058045992
Group_A5_torus,A,rtilde,5,2039,0.015645981844829307,548.3602073566973,1.0566052058045992
Group_A5_torus,A,rtilde,10,3864,0.029649864565189032,548.3602073566973,1.0566052058045992
Group_A5_torus,A,rtilde,20,6194,0.04752879428488118,548.3602073566973,1.0566052058045992
Group_B2_hook,B,tuned,5,1818,0.013950169197596703,120.27997954571542,1.0967742141907648
Group_B2_hook,B,tuned,10,2991,0.022951020940600517,120.27997954571542,1.0967742141907648
Group_B2_hook,B,tuned,20,4872,0.037384611843064436,120.27997954571542,1.0967742141907648
Group_B2_hook,B,rtilde,5,1896,0.014548691308384681,120.27997954571542,1.0967742141907648
Group_B2_hook,B,rtilde,10,3285,0.02520698889664751,120.27997954571542,1.0967742141907648
Group_B2_hook,B,rtilde,20,4614,0.035404884861227275,120.27997954571542,1.0967742141907648
Group_C1_Bunny_69k,C,tuned,5,1689,0.012960305706678126,4440.337173209703,1.0154979833762219
Group_C1_Bunny_69k,C,tuned,10,2707,0.020771786588500703,4440.337173209703,1.0147593608041465
Group_C1_Bunny_69k,C,tuned,20,4078,0.031291963689658614,4440.337173209703,1.0147593608041465
Group_C1_Bunny_69k,C,rtilde,5,1900,0.014579384749963552,4440.337173209703,1.2076538959733643
Group_C1_Bunny_69k,C,rtilde,10,2731,0.020955947237973924,4440.337173209703,1.0501806286079682
Group_C1_Bunny_69k,C,rtilde,20,4508,0.034591508659387205,4440.337173209703,1.0501806286079682
Group_C2_manikin,C,tuned,5,1506,0.011556080754444795,2956.1209284569604,1.0691446984387574
Group_C2_manikin,C,tuned,10,2050,0.0157303888091712,2956.1209284569604,1.0
Group_C2_manikin,C,tuned,20,2794,0.02143936894284114,2956.1209284569604,1.0
Group_C2_manikin,C,rtilde,5,1152,0.008839711174714743,2956.1209284569604,1.2044571177758303
Group_C2_manikin,C,rtilde,10,1557,0.011947422134575395,2956.1209284569604,1.0178341201119203
Group_C2_manikin,C,rtilde,20,2382,0.018277944460217462,2956.1209284569604,1.0
Group_C3_dragon_100k_1.5x,C,tuned,5,2082,0.015975936341802166,28106.973190938144,1.0271605384857836
Group_C3_dragon_100k_1.5x,C,tuned,10,3634,0.02788499167440397,28106.973190938144,1.0271605384857836
Group_C3_dragon_100k_1.5x,C,tuned,20,6762,0.05188726298908081,28106.973190938144,1.0
Group_C3_dragon_100k_1.5x,C,rtilde,5,1981,0.015200926941935682,28106.973190938144,1.060016437904428
Group_C3_dragon_100k_1.5x,C,rtilde,10,3279,0.025160948734279202,28106.973190938144,1.0390936523105603
Group_C3_dragon_100k_1.5x,C,rtilde,20,5686,0.04363072720436461,28106.973190938144,1.0
Group_C4_happy_50k_0.75x,C,tuned,5,1577,0.012100889342469747,8512.6398023495,1.9688018523900144
Group_C4_happy_50k_0.75x,C,tuned,10,2872,0.022037891053629115,8512.6398023495,1.840617333716181
Group_C4_happy_50k_0.75x,C,tuned,20,5724,0.04392231489936388,8512.6398023495,1.6621244595083648
Group_C4_happy_50k_0.75x,C,rtilde,5,1678,0.012875898742336231,8512.6398023495,1.9571891159703132
Group_C4_happy_50k_0.75x,C,rtilde,10,3316,0.025444863068883758,8512.6398023495,1.6621244595083648
Group_C4_happy_50k_0.75x,C,rtilde,20,6410,0.04918624013014019,8512.6398023495,1.6621244595083648
Group_C5_lucy_50k,C,tuned,5,1445,0.011088005770367016,7605.40144502624,1.0
Group_C5_lucy_50k,C,tuned,10,1966,0.015085826536014917,7605.40144502624,1.0
Group_C5_lucy_50k,C,tuned,20,2766,0.021224514851789045,7605.40144502624,1.0
Group_C5_lucy_50k,C,rtilde,5,1166,0.00894713822024079,7605.40144502624,1.0
Group_C5_lucy_50k,C,rtilde,10,1672,0.012829858579967926,7605.40144502624,1.0
Group_C5_lucy_50k,C,rtilde,20,2292,0.017587342024692875,7605.40144502624,1.0
Group_C6_nefertiti_100k,C,tuned,5,1595,0.012239009829574666,108607.88332361603,2.2685387166172277
Group_C6_nefertiti_100k,C,tuned,10,2369,0.018178190775086134,108607.88332361603,2.2685387166172277
Group_C6_nefertiti_100k,C,tuned,20,3970,0.030463240767029106,108607.88332361603,2.2685387166172277
Group_C6_nefertiti_100k,C,rtilde,5,2085,0.015998956422986318,108607.88332361603,2.2851656854014863
Group_C6_nefertiti_100k,C,rtilde,10,3143,0.0241173717205976,108607.88332361603,2.2685387166172277
Group_C6_nefertiti_100k,C,rtilde,20,4788,0.03674004956990815,108607.88332361603,2.2685387166172277
Group_C7_liver_19k,C,tuned,5,1832,0.014057596243122751,2898.9211586881274,26.741246249958582
Group_C7_liver_19k,C,tuned,10,2589,0.01986633006192402,2898.9211586881274,26.741246249958582
Group_C7_liver_19k,C,tuned,20,3522,0.027025575310195595,2898.9211586881274,15.850802770124055
Group_C7_liver_19k,C,rtilde,5,1254,0.009622393934975944,2898.9211586881274,27.25782765655016
Group_C7_liver_19k,C,rtilde,10,2198,0.016866046147589416,2898.9211586881274,23.927490787918643
Group_C7_liver_19k,C,rtilde,20,3417,0.026219872468750238,2898.9211586881274,22.963342160958447
Group_C8_kidney_12k,C,tuned,5,1573,0.012070195900890876,969.2408575499353,1.1041639163839514
Group_C8_kidney_12k,C,tuned,10,2369,0.018178190775086134,969.2408575499353,1.1041639163839514
Group_C8_kidney_12k,C,tuned,20,3607,0.027677810943746595,969.2408575499353,1.0302917144141157
Group_C8_kidney_12k,C,rtilde,5,1493,0.011456327069313465,969.2408575499353,1.1581854194759786
Group_C8_kidney_12k,C,rtilde,10,2270,0.017418528096009085,969.2408575499353,1.144979234227269
Group_C8_kidney_12k,C,rtilde,20,3314,0.02542951634809432,969.2408575499353,1.1041639163839514
Group_D10_37416,D,tuned,5,1705,0.013083079472993609,1992.4407901842733,1.179458411518711
Group_D10_37416,D,tuned,10,1997,0.015323700708251165,1992.4407901842733,1.0542852468356594
Group_D10_37416,D,tuned,20,3346,0.025675063880725286,1992.4407901842733,1.0538837377896222
Group_D10_37416,D,rtilde,5,1699,0.013037039310625302,1992.4407901842733,1.0849814045560275
Group_D10_37416,D,rtilde,10,1936,0.014855625724173387,1992.4407901842733,1.0849814045560275
Group_D10_37416,D,rtilde,20,3136,0.024063658197834577,1992.4407901842733,1.0039751620669384
Group_D1_37009,D,tuned,5,2117,0.016244503955617284,277.04001827673477,71.58443069812793
Group_D1_37009,D,tuned,10,3800,0.029158769499927104,277.04001827673477,62.59206345625487
Group_D1_37009,D,tuned,20,6704,0.051442208086187186,277.04001827673477,34.03656384860017
Group_D1_37009,D,rtilde,5,1207,0.009261745996424214,277.04001827673477,2.9904706932337577
Group_D1_37009,D,rtilde,10,1911,0.014663791714305445,277.04001827673477,1.711088608472725
Group_D1_37009,D,rtilde,20,3426,0.0262889327123027,277.04001827673477,1.5414380763978157
Group_D6_37111,D,tuned,5,1899,0.014571711389568833,6638.081113169016,3.7618924468693065
Group_D6_37111,D,tuned,10,3673,0.02818425272979796,6638.081113169016,3.044432559581246
Group_D6_37111,D,tuned,20,6691,0.05134245440105586,6638.081113169016,2.190105502608383
Group_D6_37111,D,rtilde,5,1816,0.013934822476807269,6638.081113169016,3.167999681795032
Group_D6_37111,D,rtilde,10,2898,0.022237398423891774,6638.081113169016,2.7476138152308125
Group_D6_37111,D,rtilde,20,5485,0.042088381765026356,6638.081113169016,1.2562188923662048
Group_D7_37137,D,tuned,5,1968,0.015101173256804353,4442.1602871792375,1.1263621843831357
Group_D7_37137,D,tuned,10,3366,0.025828531088619638,4442.1602871792375,1.1263621843831357
Group_D7_37137,D,tuned,20,6012,0.046132242693042565,4442.1602871792375,1.1263621843831357
Group_D7_37137,D,rtilde,5,1248,0.009576353772607639,4442.1602871792375,4.971831527880984
Group_D7_37137,D,rtilde,10,1772,0.01359719461943969,4442.1602871792375,4.971831527880984
Group_D7_37137,D,rtilde,20,2933,0.022505966037706892,4442.1602871792375,1.6424263984350023
Group_D8_37402,D,tuned,5,1974,0.015147213419172658,7554.828628035616,1.848646521256172
Group_D8_37402,D,tuned,10,3627,0.027831278151640947,7554.828628035616,1.2877379564790905
Group_D8_37402,D,tuned,20,6618,0.05078229909224147,7554.828628035616,1.2877379564790905
Group_D8_37402,D,rtilde,5,1335,0.010243936126948074,7554.828628035616,1.0775512713746465
Group_D8_37402,D,rtilde,10,1838,0.014103636405491057,7554.828628035616,1.0775512713746465
Group_D8_37402,D,rtilde,20,2957,0.022690126687180116,7554.828628035616,1.0775512713746465
Group_D9_37415,D,tuned,5,2121,0.016275197397196153,9546.048385052642,1.8475937476295081
Group_D9_37415,D,tuned,10,3927,0.030133286270056247,9546.048385052642,1.5348815128214257
Group_D9_37415,D,tuned,20,7732,0.059330422571956934,9546.048385052642,1.4167926026722892
Group_D9_37415,D,rtilde,5,1523,0.011686527881154995,9546.048385052642,1.3014489477983517
Group_D9_37415,D,rtilde,10,2701,0.020725746426132396,9546.048385052642,1.3014489477983517
Group_D9_37415,D,rtilde,20,4847,0.037192777833196494,9546.048385052642,1.3014489477983517
Group_E10_65942,E,tuned,5,1181,0.009062238626161555,571.0000587888985,10.906619672653717
Group_E10_65942,E,tuned,10,1969,0.01510884661719907,571.0000587888985,10.001470468028536
Group_E10_65942,E,tuned,20,5173,0.03969429332187445,571.0000587888985,5.331558189275419
Group_E10_65942,E,rtilde,5,2062,0.01582246913390781,571.0000587888985,11.470261412464557
Group_E10_65942,E,rtilde,10,3165,0.02428618564928139,571.0000587888985,10.906619672653717
Group_E10_65942,E,rtilde,20,4793,0.036778416371881735,571.0000587888985,10.906619672653717
Group_E1_39507,E,tuned,5,1191,0.009138972230108731,441.6001606578669,4.919836039766645
Group_E1_39507,E,tuned,10,1834,0.014072942963912186,441.6001606578669,4.760234581877561
Group_E1_39507,E,tuned,20,3452,0.02648844008256536,441.6001606578669,3.134331575647134
Group_E1_39507,E,rtilde,5,1860,0.014272450334174845,441.6001606578669,3.134331575647134
Group_E1_39507,E,rtilde,10,2466,0.018922506733373746,441.6001606578669,3.134331575647134
Group_E1_39507,E,rtilde,20,3359,0.025774817565856617,441.6001606578669,3.134331575647134
Group_E2_790253,E,tuned,5,1538,0.011801628287075759,67435.0489856648,2.7641339510303964
Group_E2_790253,E,tuned,10,3285,0.02520698889664751,67435.0489856648,2.7641339510303964
Group_E2_790253,E,tuned,20,7127,0.05468803953315275,67435.0489856648,2.7435616673823238
Group_E2_790253,E,rtilde,5,1268,0.00972982098050199,67435.0489856648,2.846080636183115
Group_E2_790253,E,rtilde,10,2495,0.01914503418482056,67435.0489856648,2.7338116854541936
Group_E2_790253,E,rtilde,20,5245,0.04024677527029412,67435.0489856648,1.8530958528639998
Group_E4_439142,E,tuned,5,2142,0.016436337965485225,19892.645276282445,1.002951544276334
Group_E4_439142,E,tuned,10,3392,0.026028038458882297,19892.645276282445,1.002951544276334
Group_E4_439142,E,tuned,20,6476,0.049692681916191556,19892.645276282445,1.002951544276334
Group_E4_439142,E,rtilde,5,1344,0.010312996370500533,19892.645276282445,1.0586630072985297
Group_E4_439142,E,rtilde,10,2114,0.016221483874433132,19892.645276282445,1.0586630072985297
Group_E4_439142,E,rtilde,20,3469,0.02661888720927556,19892.645276282445,1.047000257138363
Group_E5_55280,E,tuned,5,2142,0.016436337965485225,35028.122673349935,1.2870188978548303
Group_E5_55280,E,tuned,10,4306,0.03304148985965424,35028.122673349935,1.236077323980503
Group_E5_55280,E,tuned,20,7065,0.05421229118868026,35028.122673349935,1.236077323980503
Group_E5_55280,E,rtilde,5,2100,0.016114056828907083,35028.122673349935,1.2867860146311416
Group_E5_55280,E,rtilde,10,3841,0.02947337727611053,35028.122673349935,1.2289629102527682
Group_E5_55280,E,rtilde,20,6831,0.05241672485631633,35028.122673349935,1.2289629102527682
Group_E7_61384,E,tuned,5,1454,0.011157066013919475,987.2800062510593,2.0549390511325845
Group_E7_61384,E,tuned,10,2066,0.015853162575486683,987.2800062510593,2.0549390511325845
Group_E7_61384,E,tuned,20,3349,0.025698083961909438,987.2800062510593,1.1631958252108923
Group_E7_61384,E,rtilde,5,1421,0.010903845120893794,987.2800062510593,2.1644519242139464
Group_E7_61384,E,rtilde,10,1947,0.014940032688515282,987.2800062510593,1.7796776153927136
Group_E7_61384,E,rtilde,20,2915,0.022367845550601975,987.2800062510593,1.490924778255492
Group_E9_82675,E,tuned,5,1270,0.009745167701291427,8430.707963528619,5.676225147316883
Group_E9_82675,E,tuned,10,1825,0.014003882720359727,8430.707963528619,5.676225147316883
Group_E9_82675,E,tuned,20,2379,0.01825492437903331,8430.707963528619,5.676225147316883
Group_E9_82675,E,rtilde,5,1089,0.00835628946984753,8430.707963528619,5.676225147316883
Group_E9_82675,E,rtilde,10,1547,0.011870688530628217,8430.707963528619,5.676225147316883
Group_E9_82675,E,rtilde,20,2096,0.01608336338732821,8430.707963528619,5.676225147316883
