group,stage,mesh_count,triggered_count,mean_local_ratio,median_local_ratio,p80_local_ratio,max_local_ratio,mean_local_cell_count,mean_local_budget_fraction,count_ratio_le_1_25,count_ratio_le_1_50,count_ratio_le_2_00
ALL,base_top_k,13,6,2.30068424483966,1.2304452786975464,2.1854893353004674,12.438874406324738,378.46153846153845,0.0258494323107396,8,10,10
ALL,adaptive_final,13,6,1.1550357986139814,1.1457220314228054,1.233061939528224,1.614731851092839,793.2307692307693,0.054178728859420065,11,12,13
ALL,happy_method,6,6,1.2092276345081068,1.1372024684665791,1.3553874875299141,1.614731851092839,1296.6666666666667,0.08856407804567083,4,5,6
A,base_top_k,1,1,1.067560267877705,1.067560267877705,1.067560267877705,1.067560267877705,393.0,0.02684242879584728,1,1,1
A,adaptive_final,1,1,1.067560267877705,1.067560267877705,1.067560267877705,1.067560267877705,1061.0,0.072467727614234,1,1,1
A,happy_method,1,1,1.067560267877705,1.067560267877705,1.067560267877705,1.067560267877705,1061.0,0.072467727614234,1,1,1
B,base_top_k,1,0,1.0,1.0,1.0,1.0,401.0,0.027388839560139336,1,1,1
B,adaptive_final,1,0,1.0,1.0,1.0,1.0,401.0,0.027388839560139336,1,1,1
C,base_top_k,5,1,1.5412641851303015,1.2304452786975464,1.6360589574399982,3.241069266871952,324.0,0.022129635953828292,4,4,4
C,adaptive_final,5,1,1.093050331755911,1.0,1.2313174989744389,1.2348063800820093,450.4,0.030762926029642784,5,5,5
C,happy_method,1,1,1.0,1.0,1.0,1.0,982.0,0.06707192131684994,1,1,1
D,base_top_k,5,3,3.7741567109713814,1.4837370206334828,4.610434250661046,12.438874406324738,407.4,0.027825968171572978,2,3,3
D,adaptive_final,5,3,1.2551617572538087,1.1491258847307568,1.4072563602424992,1.614731851092839,1054.6,0.07203059900280036,3,4,5
D,happy_method,3,3,1.3269869567051609,1.3553874875299141,1.510994105667669,1.614731851092839,1470.6666666666667,0.10044851216902306,1,2,3
E,base_top_k,1,1,1.264230434529458,1.264230434529458,1.264230434529458,1.264230434529458,469.0,0.03203333105662182,0,1,1
E,adaptive_final,1,1,1.2068446690554535,1.2068446690554535,1.2068446690554535,1.2068446690554535,1325.0,0.09049928283587187,1,1,1
E,happy_method,1,1,1.2068446690554535,1.2068446690554535,1.2068446690554535,1.2068446690554535,1325.0,0.09049928283587187,1,1,1
