mesh,group,split,optimum_sign_class,ratio_defined,tomo_best_yaw_deg,tomo_best_pitch_deg,tomo_best_vss,bbox_volume,nn_frac,score_cv,fixed_route,selected_source,verification_count,escalated,selected_yaw_deg,selected_pitch_deg,selected_vss,ratio_to_exhaustive_optimum,sftf_ave_vss,uniform_ave_vss,selected_branch_has_lower_surrogate_excess,sftf_grid_range_normalized_regret,uniform_grid_range_normalized_regret,grid_min_vss,grid_max_vss,grid_range_vss,surrogate_excess_vss,absolute_surrogate_error_vss,bbox_normalized_surrogate_excess,grid_range_normalized_regret,selected_grid_strictly_better_fraction,selected_value_tie_fraction,global_optimum_plateau_fraction,selected_is_global_optimum,nonnegative_clipped_excess_vss
Group_A1_cube,A,calibration,nonpositive,False,30.000000834826057,0.0,0.0,8000.0,1.0,0.6967784143338641,SFTF,calibrated SFTF axes (up to 200),50,True,90.00000250447816,0.9999999922536332,1761.522051716639,,1761.522051716639,0.0,False,0.44331501273520113,0.0,0.0,3973.522215835319,3973.522215835319,1761.522051716639,1761.522051716639,0.22019025646457988,0.44331501273520113,0.4969882060450733,0.00013812048710491786,0.4969882060450733,False,1761.522051716639
Group_A2_sphere,A,calibration,positive,True,0.0,0.0,337.92022092283264,8000.0,0.95,0.8617311207870585,SFTF,calibrated SFTF axes (up to 200),50,True,180.00000500895632,0.0,337.92022092283264,1.0,337.92022092283264,337.92022092283264,True,0.0,0.0,337.92022092283264,459.5603393621681,121.64011843933548,0.0,0.0,0.0,0.0,0.0,6.906024355245893e-05,6.906024355245893e-05,True,0.0
Group_A3_cylinder,A,calibration,nonpositive,False,30.000000834826057,0.0,0.0,5120.0,1.0,0.6003971318616153,SFTF,calibrated SFTF axes (up to 200),50,True,358.99998836115276,178.99999701257477,841.9609266864367,,841.9609266864367,0.0,False,0.5695232456104545,0.0,0.0,1478.3609504542076,1478.3609504542076,841.9609266864367,841.9609266864367,0.16444549349344467,0.5695232456104545,0.49681939211638954,3.0693441578870636e-05,0.2856331673329701,False,841.9609266864367
Group_A4_cone,A,calibration,nonpositive,False,30.000000834826057,0.0,0.0,5120.0,0.5,0.7929340501496853,uniform,first 200 farthest-point uniform axes,10,False,0.0,166.00000234264112,0.0,,0.0,0.0,True,0.0,0.0,0.0,1473.600953078467,1473.600953078467,0.0,0.0,0.0,0.0,0.0,0.40613561897161626,0.40613561897161626,True,0.0
Group_A5_torus,A,calibration,positive,True,178.00000267657154,84.00000233751295,548.3602073566973,8192.0,0.65,0.5668704716481322,uniform,first 200 farthest-point uniform axes,50,True,278.0000100127845,345.0000130155942,585.5201935965167,1.0677656506458493,579.4002497491758,585.5201935965167,False,0.015924817320657505,0.01906460001003944,548.3602073566973,2497.5218063543653,1949.161598997668,37.15998623981943,37.15998623981943,0.004536131132790458,0.01906460001003944,0.00039901474052531826,3.0693441578870636e-05,3.0693441578870636e-05,False,37.15998623981943
Group_B1_u_bracket,B,calibration,nonpositive,False,30.000000834826057,0.0,0.0,9000.0,0.75,1.5013729598722676,uniform,first 200 farthest-point uniform axes,10,False,78.00000217054775,207.99999668120842,0.0,,1680.04200970831,0.0,True,0.21313074038759455,0.0,0.0,7882.682745121727,7882.682745121727,0.0,0.0,0.0,0.0,0.0,0.4969882060450733,0.4969882060450733,True,0.0
Group_B2_hook,B,calibration,positive,True,216.0000060107476,51.999999170302104,120.27997954571542,3333.7422813926446,0.7,0.7167937801859358,uniform,first 200 farthest-point uniform axes,50,True,188.00000067811717,48.9999990868195,128.03998244695427,1.0645161641243002,131.9199800491333,128.03998244695427,True,0.00811036533661644,0.0054069120120545,120.27997954571542,1555.480493986902,1435.2005144411867,7.760002901238849,7.760002901238849,0.002327715295975779,0.0054069120120545,3.0693441578870636e-05,9.208032473661191e-05,7.673360394717659e-06,False,7.760002901238849
Group_B3_c_clamp,B,calibration,nonpositive,False,30.000000834826057,0.0,0.0,10800.0,0.65,2.4962856688364585,uniform,first 200 farthest-point uniform axes,10,False,78.00000217054775,207.99999668120842,0.0,,0.0,0.0,True,0.0,0.0,0.0,9167.057423552205,9167.057423552205,0.0,0.0,0.0,0.0,0.0,0.4969882060450733,0.4969882060450733,True,0.0
Group_B4_pipe_elbow,B,calibration,nonpositive,False,22.000000043023345,25.00000012650595,0.0,3610.0,0.55,0.2693544868663231,uniform,first 200 farthest-point uniform axes,10,False,9.000000250447817,216.0000060107476,0.0,,0.0,0.0,True,0.0,0.0,0.0,1145.2005421819765,1145.2005421819765,0.0,0.0,0.0,0.0,0.0,0.0960704721418651,0.0960704721418651,True,0.0
Group_B5_hollow_box,B,calibration,nonpositive,False,30.000000834826057,0.0,0.0,18000.0,0.1,0.37141182010489326,uniform,first 200 farthest-point uniform axes,10,False,78.00000217054775,207.99999668120842,0.0,,0.0,0.0,True,0.0,0.0,0.0,13696.400587223778,13696.400587223778,0.0,0.0,0.0,0.0,0.0,0.4969882060450733,0.4969882060450733,True,0.0
Group_C1_Bunny_69k,C,calibration,positive,True,299.000000351879,36.99999875288908,4440.337173209703,329847.7240470774,0.85,0.2686360249642574,SFTF,calibrated SFTF axes (up to 200),50,True,230.00000867706282,54.0000015026869,4505.873711641169,1.0147593608041465,4505.873711641169,4440.337173209703,False,0.0018160747940743362,0.0,4440.337173209703,40527.253111531914,36086.915938322214,65.5365384314664,65.5365384314664,0.00019868725370411443,0.0018160747940743362,3.836680197358829e-05,7.673360394717659e-06,7.673360394717659e-06,False,65.5365384314664
Group_C2_manikin,C,calibration,positive,True,190.00000301050196,9.000000250447817,2956.1209284569604,781290.2312873882,0.95,0.341551649340822,SFTF,calibrated SFTF axes (up to 200),10,False,190.00000301050196,9.000000250447817,2956.1209284569604,1.0,2956.1209284569604,3008.8407441604236,True,0.0,0.0005800249736429781,2956.1209284569604,93848.4412579497,90892.32032949274,0.0,0.0,0.0,0.0,0.0,7.673360394717659e-06,7.673360394717659e-06,True,0.0
Group_C3_dragon_100k_1.5x,C,calibration,positive,True,130.99999567685308,257.9999866889366,28106.973190938144,1487645.696065514,0.9,1.272627696046596,SFTF,calibrated SFTF axes (up to 200),200,True,130.99999567685308,257.9999866889366,28106.973190938144,1.0,28106.973190938144,28106.973190938144,True,0.0,0.0,28106.973190938144,259427.69326454352,231320.72007360536,0.0,0.0,0.0,0.0,0.0,7.673360394717659e-06,7.673360394717659e-06,True,0.0
Group_C4_happy_50k_0.75x,C,calibration,positive,True,346.00000735159745,31.999999752116263,8512.6398023495,349764.91179481667,0.85,0.33226350590188625,SFTF,calibrated SFTF axes (up to 200),50,True,274.0000053480149,82.00000000512816,14149.066830469557,1.6621244595083648,14149.066830469557,8512.6398023495,False,0.07508701174943258,0.0,8512.6398023495,83577.91270106292,75065.27289871342,5636.427028120057,5636.427028120057,0.016114901289545493,0.07508701174943258,0.03350956484373201,7.673360394717659e-06,7.673360394717659e-06,False,5636.427028120057
Group_C5_lucy_50k,C,calibration,positive,True,178.00000267657154,358.99998836115276,7605.40144502624,1133888.2427607272,0.85,0.3359827470267685,SFTF,calibrated SFTF axes (up to 200),10,False,178.00000267657154,358.99998836115276,7605.40144502624,1.0,7605.40144502624,7849.361285690434,True,0.0,0.0012225066795098127,7605.40144502624,207162.46297536802,199557.06153034177,0.0,0.0,0.0,0.0,0.0,7.673360394717659e-06,7.673360394717659e-06,True,0.0
Group_C6_nefertiti_100k,C,retrospective_test,positive,True,163.0000056742531,1.9999999845072665,108607.88332361603,42799056.1640895,0.55,0.8261004478605948,uniform,first 200 farthest-point uniform axes,10,False,97.999998173639,209.99999901359323,271912.0445199427,2.5036124100654242,246381.1882494695,271912.0445199427,False,0.016091827137030525,0.0190738135674637,108607.88332361603,8670302.198869016,8561694.3155454,163304.1611963267,163304.1611963267,0.003815601927533787,0.0190738135674637,0.0023787417223624743,7.673360394717659e-06,7.673360394717659e-06,False,163304.1611963267
Group_C7_liver_19k,C,retrospective_test,positive,True,3.0000000834826057,312.000008682191,2898.9211586881274,5192400.218480483,0.55,0.41669559920404275,uniform,first 200 farthest-point uniform axes,10,False,351.0000063523703,313.0000030181942,7574.480919798543,2.6128619942276337,4299.315539273349,7574.480919798543,False,0.0016036873973013434,0.005354303307821473,2898.9211586881274,876132.933561467,873234.0124027788,4675.559761110416,4675.559761110416,0.0009004621301088157,0.005354303307821473,0.01314446635615135,7.673360394717659e-06,7.673360394717659e-06,False,4675.559761110416
Group_C8_kidney_12k,C,retrospective_test,positive,True,33.99999866940647,185.99999834573237,969.2408575499353,325896.32017962524,0.9,1.7607577514495032,SFTF,calibrated SFTF axes (up to 200),10,False,30.99999858592387,183.99999601334758,1070.200781191676,1.1041639163839514,1070.200781191676,1076.6010146495726,True,0.003575180053885345,0.0038018243120573176,969.2408575499353,29208.356683904476,28239.11582635454,100.95992364174072,100.95992364174072,0.00030979154224906354,0.003575180053885345,0.00036064793855172995,7.673360394717659e-06,7.673360394717659e-06,False,100.95992364174072
Group_D10_37416,D,calibration,positive,True,303.0000050166486,175.00000600818353,1992.4407901842733,667218.4779198016,0.8,0.9191599259648715,SFTF,calibrated SFTF axes (up to 200),10,False,127.00000467246183,7.000000052497138,2100.600930284863,1.0542852468356594,2100.600930284863,2000.3610652340344,False,0.002380300380926822,0.00017430297058101583,1992.4407901842733,47432.14284092927,45439.702050745,108.16014010058962,108.16014010058962,0.0001621060322516881,0.002380300380926822,6.906024355245893e-05,7.673360394717659e-06,7.673360394717659e-06,False,108.16014010058962
Group_D1_37009,D,calibration,positive,True,139.00000500639226,180.99999934495955,277.04001827673477,548704.4630490786,0.0,0.43360519858568075,uniform,first 200 farthest-point uniform axes,10,False,137.00000267400745,178.00000267657154,377.80000774328374,1.363701930476701,277.04001827673477,377.80000774328374,False,0.0,0.0014291723780015834,277.04001827673477,70779.37480831935,70502.33479004262,100.75998946654897,100.75998946654897,0.0001836325312658092,0.0014291723780015834,0.0008594163642083778,7.673360394717659e-06,7.673360394717659e-06,False,100.75998946654897
Group_D2_37010,D,calibration,nonpositive,False,41.00000000256408,24.000000667860846,0.0,347263.16944787395,0.55,0.29407537665184164,uniform,first 200 farthest-point uniform axes,10,False,9.99999970909292,216.0000060107476,0.0,,0.0,0.0,True,0.0,0.0,0.0,46433.40150186838,46433.40150186838,0.0,0.0,0.0,0.0,0.0,0.0443673698022575,0.0443673698022575,True,0.0
Group_D3_37011,D,calibration,nonpositive,False,33.000000918308665,28.99999966863366,0.0,115306.160382225,0.55,0.5312539279883866,uniform,first 200 farthest-point uniform axes,10,False,214.99999801436604,151.00000534032267,1.0000000378763503,,834.0800596662789,1.0000000378763503,True,0.022293021849555922,2.6727677320152957e-05,0.0,37414.40103073751,37414.40103073751,1.0000000378763503,1.0000000378763503,8.672563847078764e-06,2.6727677320152957e-05,6.906024355245893e-05,4.6040162368305954e-05,6.906024355245893e-05,False,1.0000000378763503
Group_D4_37091,D,calibration,nonpositive,False,30.000000834826057,3.999999969014533,0.0,18165.269475839992,0.1,0.22062848926305614,uniform,first 200 farthest-point uniform axes,10,False,78.00000217054775,207.99999668120842,0.0,,0.0,0.0,True,0.0,0.0,0.0,7940.669690281891,7940.669690281891,0.0,0.0,0.0,0.0,0.0,0.1327491348286155,0.1327491348286155,True,0.0
Group_D5_37095,D,calibration,nonpositive,False,37.999999919081475,28.99999966863366,0.0,40142.9980576606,0.5,0.45261927294020926,uniform,first 200 farthest-point uniform axes,10,False,323.00000101973984,209.99999901359323,0.0,,0.0,0.0,True,0.0,0.0,0.0,32265.860187120674,32265.860187120674,0.0,0.0,0.0,0.0,0.0,0.025935958134145686,0.025935958134145686,True,0.0
Group_D6_37111,D,calibration,positive,True,154.0000020087107,149.99999734394112,6638.081113169016,476477.24808105215,0.7,0.694631437847646,uniform,first 200 farthest-point uniform axes,50,True,336.0000093500518,30.000000834826057,6759.001203804962,1.018216121281805,6638.081113169016,6759.001203804962,False,0.0,0.0015421862057737976,6638.081113169016,85046.31105533316,78408.22994216415,120.9200906359456,120.9200906359456,0.00025377935908363927,0.0015421862057737976,7.673360394717659e-06,7.673360394717659e-06,7.673360394717659e-06,False,120.9200906359456
Group_D7_37137,D,calibration,positive,True,332.9999990212855,30.000000834826057,4442.1602871792375,499801.3157001435,0.35,0.4315911972762525,uniform,first 200 farthest-point uniform axes,50,True,332.9999990212855,30.000000834826057,4442.1602871792375,1.0,5003.481364447223,4442.1602871792375,True,0.004002816127026958,0.0,4442.1602871792375,144673.70214541096,140231.54185823174,0.0,0.0,0.0,0.0,0.0,7.673360394717659e-06,7.673360394717659e-06,True,0.0
Group_D8_37402,D,calibration,positive,True,54.999999253784715,214.00000367836282,7554.828628035616,380746.24049634766,0.2,0.47328500677271007,uniform,first 200 farthest-point uniform axes,200,True,54.999999253784715,214.00000367836282,7554.828628035616,1.0,7554.828628035616,7554.828628035616,True,0.0,0.0,7554.828628035616,38389.529078459935,30834.70045042432,0.0,0.0,0.0,0.0,0.0,7.673360394717659e-06,7.673360394717659e-06,True,0.0
Group_D9_37415,D,calibration,positive,True,214.99999801436604,358.99998836115276,9546.048385052642,377245.6603248282,0.0,0.4062588181149372,uniform,first 200 farthest-point uniform axes,50,True,214.99999801436604,358.99998836115276,9546.048385052642,1.0,9546.048385052642,9546.048385052642,True,0.0,0.0,9546.048385052642,46167.05445218677,36621.00606713413,0.0,0.0,0.0,0.0,0.0,7.673360394717659e-06,7.673360394717659e-06,True,0.0
Group_E10_65942,E,calibration,positive,True,156.0000043410955,219.00000267913563,571.0000587888985,183970.976791645,0.6,0.25569882480555156,uniform,first 200 farthest-point uniform axes,10,False,333.9999933572887,318.9999963549702,1005.8801036235715,1.7616112085120645,748.5200550930559,1005.8801036235715,False,0.006953855491157349,0.017035224485848655,571.0000587888985,26099.28383314905,25528.283774360152,434.88004483467296,434.88004483467296,0.0023638513662249737,0.017035224485848655,0.0006215421919721304,1.5346720789435318e-05,7.673360394717659e-06,False,434.88004483467296
Group_E1_39507,E,calibration,positive,True,219.99999701513886,178.99999701257477,441.6001606578669,219736.02789279082,0.7,0.4787976935364964,uniform,first 200 farthest-point uniform axes,10,False,219.99999701513886,171.00000134341394,553.9201261583438,1.2543476554291781,563.0401294093487,553.9201261583438,True,0.006411688491797331,0.005930177993311563,441.6001606578669,19382.00391028538,18940.403749627512,112.31996550047688,112.31996550047688,0.0005111586232699072,0.005930177993311563,0.0002992610553939887,7.673360394717659e-06,7.673360394717659e-06,False,112.31996550047688
Group_E2_45809,E,recovered_mesh,positive,True,352.0000006883735,334.9999876932919,37.00000272432634,238307.60169653382,0.9,0.17180012474038733,SFTF,calibrated SFTF axes (up to 200),10,False,183.00000167734436,178.00000267657154,39.000002559551525,1.0540540456206573,39.000002559551525,45.00000206522705,True,0.0007136144129440015,0.002854457651775998,37.00000272432634,2839.6337485510458,2802.6337458267194,1.9999998352251822,1.9999998352251822,8.39251379723936e-06,0.0007136144129440015,7.673360394717659e-06,1.5346720789435318e-05,7.673360394717659e-06,False,1.9999998352251822
Group_E2_790253,E,calibration,positive,True,158.00000667348027,200.99999534805082,67435.0489856648,2493061.5015043365,0.85,2.490002543307715,uniform,first 200 farthest-point uniform axes,50,True,22.000000043023345,338.9999923580615,74583.8051238446,1.1060095046375582,129799.860759714,74583.8051238446,True,0.06312714890638348,0.007236141349473018,67435.0489856648,1055358.8322462584,987923.7832605935,7148.7561381798005,7148.7561381798005,0.00286746080426262,0.007236141349473018,5.371352276302361e-05,7.673360394717659e-06,7.673360394717659e-06,False,7148.7561381798005
Group_E3_45811,E,calibration,nonpositive,False,356.9999996891463,0.9999999922536332,0.0,237927.18433339742,0.0,0.13937542697808117,uniform,first 200 farthest-point uniform axes,10,False,356.9999996891463,0.9999999922536332,0.0,,0.0,0.0,True,0.0,0.0,0.0,17631.800706721533,17631.800706721533,0.0,0.0,0.0,0.0,0.0,2.3020081184152977e-05,2.3020081184152977e-05,True,0.0
Group_E3_931902,E,calibration,nonpositive,False,323.00000101973984,0.0,0.0,522078.9279243083,0.1,0.12919677120245437,uniform,first 200 farthest-point uniform axes,10,False,12.000000333930423,36.99999875288908,4.880000406121912,,1239.3200939351862,4.880000406121912,True,0.03478765862505831,0.00013698138927068285,0.0,35625.28042753866,35625.28042753866,4.880000406121912,4.880000406121912,9.347246450884188e-06,0.00013698138927068285,8.440696434189424e-05,7.673360394717659e-06,6.138688315774127e-05,False,4.880000406121912
Group_E4_439142,E,calibration,positive,True,86.99999900590097,221.99999934752364,19892.645276282445,1786708.3033145247,0.55,0.1836936837334037,uniform,first 200 farthest-point uniform axes,200,True,86.99999900590097,221.99999934752364,19892.645276282445,1.0,19951.359299588796,19892.645276282445,True,0.0004029197143459116,0.0,19892.645276282445,165614.04141512784,145721.3961388454,0.0,0.0,0.0,0.0,0.0,7.673360394717659e-06,7.673360394717659e-06,True,0.0
Group_E4_46012,E,recovered_mesh,positive,True,137.99999701001067,1.9999999845072665,13244.542208584871,1799989.672199241,0.85,0.3687572967261509,SFTF,calibrated SFTF axes (up to 200),10,False,356.0000053531431,173.00000367579872,14379.831385021367,1.085717509790608,14379.831385021367,13249.584465972648,False,0.08695930730965205,0.0003862198449687856,13244.542208584871,26299.9495198904,13055.40731130553,1135.2891764364958,1135.2891764364958,0.0006307198279917857,0.08695930730965205,0.0016727925660484496,7.673360394717659e-06,7.673360394717659e-06,False,1135.2891764364958
Group_E5_55280,E,calibration,positive,True,250.9999990161573,209.99999901359323,35028.122673349935,3269532.0348861273,0.45,0.3744867386577359,uniform,first 200 farthest-point uniform axes,200,True,250.9999990161573,209.99999901359323,35028.122673349935,1.0,40210.70811374128,35028.122673349935,True,0.01812281024144678,0.0,35028.122673349935,320998.4204000678,285970.2977267179,0.0,0.0,0.0,0.0,0.0,7.673360394717659e-06,7.673360394717659e-06,True,0.0
Group_E6_59197,E,calibration,nonpositive,False,0.0,0.0,0.0,42.29683001894943,0.65,0.10993100179244306,uniform,first 200 farthest-point uniform axes,10,False,0.0,0.0,0.0,,0.0,0.0,True,0.0,0.0,0.0,46.56000971055228,46.56000971055228,0.0,0.0,0.0,0.0,0.0,0.9694139854666554,0.9694139854666554,True,0.0
Group_E7_61384,E,calibration,positive,True,326.0000113485062,24.000000667860846,987.2800062510593,252086.3577101626,0.8,0.8107126814296234,SFTF,calibrated SFTF axes (up to 200),50,True,327.0000056845094,25.00000012650595,1148.3999815854158,1.1631958252108923,1148.3999815854158,1106.1599924544657,False,0.0038224409029253524,0.0028203313764175184,987.2800062510593,43138.35033700486,42151.0703307538,161.11997533435658,161.11997533435658,0.0006391459529896694,0.0038224409029253524,6.906024355245893e-05,7.673360394717659e-06,7.673360394717659e-06,False,161.11997533435658
Group_E8_64445,E,calibration,nonpositive,False,50.0000002530119,195.00000201127477,0.0,4244769.709943072,0.5,0.8676400518474979,uniform,first 200 farthest-point uniform axes,10,False,231.99999734906928,15.000000417413029,4.182468382436359,,608.1308988828516,4.182468382436359,True,0.004756025465935948,3.2709941517329766e-05,0.0,127865.3580050115,127865.3580050115,4.182468382436359,4.182468382436359,9.853228015265997e-07,3.2709941517329766e-05,1.5346720789435318e-05,3.836680197358829e-05,1.5346720789435318e-05,False,4.182468382436359
Group_E9_82675,E,calibration,positive,True,240.00000667860846,176.00000034418676,8430.707963528619,5245570.933829826,0.85,2.9504452140503985,uniform,first 200 farthest-point uniform axes,10,False,239.00001234260523,187.00000634211395,10247.83706486974,1.2155369524365036,8430.707963528619,10247.83706486974,False,0.0,0.0013358596808759023,8430.707963528619,1368700.1489497689,1360269.4409862403,1817.129101341121,1817.129101341121,0.00034641207301612504,0.0013358596808759023,0.00020718073065737678,7.673360394717659e-06,7.673360394717659e-06,False,1817.129101341121
