stem,family,group_id,angle_step,critical_angle,grid_path,candidate_path,has_candidate,candidate_count,tomo_best_vss,usable,skip_reason
Group_A1_cube,A,A1,3deg,0deg,Experimental\G5Test\tomo_int3_cache\Group_A1_cube_tomo_int3_3deg_0deg.npz,Experimental\G5Test\SFTF_result\Group_A1_cube_candidates.csv,True,1292,1769.2821084960433,True,usable
Group_A1_cube,A,A1,3deg,30deg,Experimental\G5Test\tomo_int3_cache\Group_A1_cube_tomo_int3_3deg_30deg.npz,Experimental\G5Test\SFTF_result\Group_A1_cube_candidates.csv,True,1292,1769.2821084960433,True,usable
Group_A1_cube,A,A1,3deg,45deg,Experimental\G5Test\tomo_int3_cache\Group_A1_cube_tomo_int3_3deg_45deg.npz,Experimental\G5Test\SFTF_result\Group_A1_cube_candidates.csv,True,1292,0.0,False,nonpositive_tomo_best
Group_A1_cube,A,A1,3deg,60deg,Experimental\G5Test\tomo_int3_cache\Group_A1_cube_tomo_int3_3deg_60deg.npz,Experimental\G5Test\SFTF_result\Group_A1_cube_candidates.csv,True,1292,0.0,False,nonpositive_tomo_best
Group_A2_sphere,A,A2,3deg,0deg,Experimental\G5Test\tomo_int3_cache\Group_A2_sphere_tomo_int3_3deg_0deg.npz,Experimental\G5Test\SFTF_result\Group_A2_sphere_candidates.csv,True,1292,0.0,False,nonpositive_tomo_best
Group_A2_sphere,A,A2,3deg,30deg,Experimental\G5Test\tomo_int3_cache\Group_A2_sphere_tomo_int3_3deg_30deg.npz,Experimental\G5Test\SFTF_result\Group_A2_sphere_candidates.csv,True,1292,0.0,False,nonpositive_tomo_best
Group_A2_sphere,A,A2,3deg,45deg,Experimental\G5Test\tomo_int3_cache\Group_A2_sphere_tomo_int3_3deg_45deg.npz,Experimental\G5Test\SFTF_result\Group_A2_sphere_candidates.csv,True,1292,0.0,False,nonpositive_tomo_best
Group_A2_sphere,A,A2,3deg,60deg,Experimental\G5Test\tomo_int3_cache\Group_A2_sphere_tomo_int3_3deg_60deg.npz,Experimental\G5Test\SFTF_result\Group_A2_sphere_candidates.csv,True,1292,0.0,False,nonpositive_tomo_best
Group_A3_cylinder,A,A3,3deg,0deg,Experimental\G5Test\tomo_int3_cache\Group_A3_cylinder_tomo_int3_3deg_0deg.npz,Experimental\G5Test\SFTF_result\Group_A3_cylinder_candidates.csv,True,1292,931.20102547417,True,usable
Group_A3_cylinder,A,A3,3deg,30deg,Experimental\G5Test\tomo_int3_cache\Group_A3_cylinder_tomo_int3_3deg_30deg.npz,Experimental\G5Test\SFTF_result\Group_A3_cylinder_candidates.csv,True,1292,923.4410302698119,True,usable
Group_A3_cylinder,A,A3,3deg,45deg,Experimental\G5Test\tomo_int3_cache\Group_A3_cylinder_tomo_int3_3deg_45deg.npz,Experimental\G5Test\SFTF_result\Group_A3_cylinder_candidates.csv,True,1292,0.0,False,nonpositive_tomo_best
Group_A3_cylinder,A,A3,3deg,60deg,Experimental\G5Test\tomo_int3_cache\Group_A3_cylinder_tomo_int3_3deg_60deg.npz,Experimental\G5Test\SFTF_result\Group_A3_cylinder_candidates.csv,True,1292,0.0,False,nonpositive_tomo_best
Group_A4_cone,A,A4,3deg,0deg,Experimental\G5Test\tomo_int3_cache\Group_A4_cone_tomo_int3_3deg_0deg.npz,Experimental\G5Test\SFTF_result\Group_A4_cone_candidates.csv,True,1292,880.7609642832732,True,usable
Group_A4_cone,A,A4,3deg,30deg,Experimental\G5Test\tomo_int3_cache\Group_A4_cone_tomo_int3_3deg_30deg.npz,Experimental\G5Test\SFTF_result\Group_A4_cone_candidates.csv,True,1292,0.0,False,nonpositive_tomo_best
Group_A4_cone,A,A4,3deg,45deg,Experimental\G5Test\tomo_int3_cache\Group_A4_cone_tomo_int3_3deg_45deg.npz,Experimental\G5Test\SFTF_result\Group_A4_cone_candidates.csv,True,1292,0.0,False,nonpositive_tomo_best
Group_A4_cone,A,A4,3deg,60deg,Experimental\G5Test\tomo_int3_cache\Group_A4_cone_tomo_int3_3deg_60deg.npz,Experimental\G5Test\SFTF_result\Group_A4_cone_candidates.csv,True,1292,0.0,False,nonpositive_tomo_best
Group_A5_torus,A,A5,3deg,0deg,Experimental\G5Test\tomo_int3_cache\Group_A5_torus_tomo_int3_3deg_0deg.npz,Experimental\G5Test\SFTF_result\Group_A5_torus_candidates.csv,True,1292,3738.048648046068,True,usable
Group_A5_torus,A,A5,3deg,30deg,Experimental\G5Test\tomo_int3_cache\Group_A5_torus_tomo_int3_3deg_30deg.npz,Experimental\G5Test\SFTF_result\Group_A5_torus_candidates.csv,True,1292,2318.320934437523,True,usable
Group_A5_torus,A,A5,3deg,45deg,Experimental\G5Test\tomo_int3_cache\Group_A5_torus_tomo_int3_3deg_45deg.npz,Experimental\G5Test\SFTF_result\Group_A5_torus_candidates.csv,True,1292,1462.4005753146716,True,usable
Group_A5_torus,A,A5,3deg,60deg,Experimental\G5Test\tomo_int3_cache\Group_A5_torus_tomo_int3_3deg_60deg.npz,Experimental\G5Test\SFTF_result\Group_A5_torus_candidates.csv,True,1292,668.4402296365785,True,usable
Group_B1_u_bracket,B,B1,3deg,0deg,Experimental\G5Test\tomo_int3_cache\Group_B1_u_bracket_tomo_int3_3deg_0deg.npz,Experimental\G5Test\SFTF_result\Group_B1_u_bracket_candidates.csv,True,1292,1691.6820333023702,True,usable
Group_B1_u_bracket,B,B1,3deg,30deg,Experimental\G5Test\tomo_int3_cache\Group_B1_u_bracket_tomo_int3_3deg_30deg.npz,Experimental\G5Test\SFTF_result\Group_B1_u_bracket_candidates.csv,True,1292,1691.6820333023702,True,usable
Group_B1_u_bracket,B,B1,3deg,45deg,Experimental\G5Test\tomo_int3_cache\Group_B1_u_bracket_tomo_int3_3deg_45deg.npz,Experimental\G5Test\SFTF_result\Group_B1_u_bracket_candidates.csv,True,1292,0.0,False,nonpositive_tomo_best
Group_B1_u_bracket,B,B1,3deg,60deg,Experimental\G5Test\tomo_int3_cache\Group_B1_u_bracket_tomo_int3_3deg_60deg.npz,Experimental\G5Test\SFTF_result\Group_B1_u_bracket_candidates.csv,True,1292,0.0,False,nonpositive_tomo_best
Group_B2_hook,B,B2,3deg,0deg,Experimental\G5Test\tomo_int3_cache\Group_B2_hook_tomo_int3_3deg_0deg.npz,Experimental\G5Test\SFTF_result\Group_B2_hook_candidates.csv,True,1292,1735.8810941049876,True,usable
Group_B2_hook,B,B2,3deg,30deg,Experimental\G5Test\tomo_int3_cache\Group_B2_hook_tomo_int3_3deg_30deg.npz,Experimental\G5Test\SFTF_result\Group_B2_hook_candidates.csv,True,1292,725.1602066449883,True,usable
Group_B2_hook,B,B2,3deg,45deg,Experimental\G5Test\tomo_int3_cache\Group_B2_hook_tomo_int3_3deg_45deg.npz,Experimental\G5Test\SFTF_result\Group_B2_hook_candidates.csv,True,1292,318.7201670871293,True,usable
Group_B2_hook,B,B2,3deg,60deg,Experimental\G5Test\tomo_int3_cache\Group_B2_hook_tomo_int3_3deg_60deg.npz,Experimental\G5Test\SFTF_result\Group_B2_hook_candidates.csv,True,1292,132.9199741940853,True,usable
Group_B3_c_clamp,B,B3,3deg,0deg,Experimental\G5Test\tomo_int3_cache\Group_B3_c_clamp_tomo_int3_3deg_0deg.npz,Experimental\G5Test\SFTF_result\Group_B3_c_clamp_candidates.csv,True,1292,1567.5218637324563,True,usable
Group_B3_c_clamp,B,B3,3deg,30deg,Experimental\G5Test\tomo_int3_cache\Group_B3_c_clamp_tomo_int3_3deg_30deg.npz,Experimental\G5Test\SFTF_result\Group_B3_c_clamp_candidates.csv,True,1292,1567.5218637324563,True,usable
Group_B3_c_clamp,B,B3,3deg,45deg,Experimental\G5Test\tomo_int3_cache\Group_B3_c_clamp_tomo_int3_3deg_45deg.npz,Experimental\G5Test\SFTF_result\Group_B3_c_clamp_candidates.csv,True,1292,0.0,False,nonpositive_tomo_best
Group_B3_c_clamp,B,B3,3deg,60deg,Experimental\G5Test\tomo_int3_cache\Group_B3_c_clamp_tomo_int3_3deg_60deg.npz,Experimental\G5Test\SFTF_result\Group_B3_c_clamp_candidates.csv,True,1292,0.0,False,nonpositive_tomo_best
Group_B4_pipe_elbow,B,B4,3deg,0deg,Experimental\G5Test\tomo_int3_cache\Group_B4_pipe_elbow_tomo_int3_3deg_0deg.npz,Experimental\G5Test\SFTF_result\Group_B4_pipe_elbow_candidates.csv,True,1292,384.3200354536703,True,usable
Group_B4_pipe_elbow,B,B4,3deg,30deg,Experimental\G5Test\tomo_int3_cache\Group_B4_pipe_elbow_tomo_int3_3deg_30deg.npz,Experimental\G5Test\SFTF_result\Group_B4_pipe_elbow_candidates.csv,True,1292,57.8000110166132,True,usable
Group_B4_pipe_elbow,B,B4,3deg,45deg,Experimental\G5Test\tomo_int3_cache\Group_B4_pipe_elbow_tomo_int3_3deg_45deg.npz,Experimental\G5Test\SFTF_result\Group_B4_pipe_elbow_candidates.csv,True,1292,11.640000503417873,True,usable
Group_B4_pipe_elbow,B,B4,3deg,60deg,Experimental\G5Test\tomo_int3_cache\Group_B4_pipe_elbow_tomo_int3_3deg_60deg.npz,Experimental\G5Test\SFTF_result\Group_B4_pipe_elbow_candidates.csv,True,1292,0.0,False,nonpositive_tomo_best
Group_B5_hollow_box,B,B5,3deg,0deg,Experimental\G5Test\tomo_int3_cache\Group_B5_hollow_box_tomo_int3_3deg_0deg.npz,Experimental\G5Test\SFTF_result\Group_B5_hollow_box_candidates.csv,True,1292,5187.706021237965,True,usable
Group_B5_hollow_box,B,B5,3deg,30deg,Experimental\G5Test\tomo_int3_cache\Group_B5_hollow_box_tomo_int3_3deg_30deg.npz,Experimental\G5Test\SFTF_result\Group_B5_hollow_box_candidates.csv,True,1292,4733.951623774757,True,usable
Group_B5_hollow_box,B,B5,3deg,45deg,Experimental\G5Test\tomo_int3_cache\Group_B5_hollow_box_tomo_int3_3deg_45deg.npz,Experimental\G5Test\SFTF_result\Group_B5_hollow_box_candidates.csv,True,1292,0.0,False,nonpositive_tomo_best
Group_B5_hollow_box,B,B5,3deg,60deg,Experimental\G5Test\tomo_int3_cache\Group_B5_hollow_box_tomo_int3_3deg_60deg.npz,Experimental\G5Test\SFTF_result\Group_B5_hollow_box_candidates.csv,True,1292,0.0,False,nonpositive_tomo_best
Group_C1_Bunny_69k,C,C1,3deg,0deg,Experimental\G5Test\tomo_int3_cache\Group_C1_Bunny_69k_tomo_int3_3deg_0deg.npz,Experimental\G5Test\SFTF_result\Group_C1_Bunny_69k_candidates.csv,True,1292,49783.844593142676,True,usable
Group_C1_Bunny_69k,C,C1,3deg,30deg,Experimental\G5Test\tomo_int3_cache\Group_C1_Bunny_69k_tomo_int3_3deg_30deg.npz,Experimental\G5Test\SFTF_result\Group_C1_Bunny_69k_candidates.csv,True,1292,23663.82031401327,True,usable
Group_C1_Bunny_69k,C,C1,3deg,45deg,Experimental\G5Test\tomo_int3_cache\Group_C1_Bunny_69k_tomo_int3_3deg_45deg.npz,Experimental\G5Test\SFTF_result\Group_C1_Bunny_69k_candidates.csv,True,1292,13970.321860195192,True,usable
Group_C1_Bunny_69k,C,C1,3deg,60deg,Experimental\G5Test\tomo_int3_cache\Group_C1_Bunny_69k_tomo_int3_3deg_60deg.npz,Experimental\G5Test\SFTF_result\Group_C1_Bunny_69k_candidates.csv,True,1292,5146.688666225465,True,usable
Group_C2_manikin,C,C2,3deg,0deg,Experimental\G5Test\tomo_int3_cache\Group_C2_manikin_tomo_int3_3deg_0deg.npz,Experimental\G5Test\SFTF_result\Group_C2_manikin_candidates.csv,True,1292,48237.769071720846,True,usable
Group_C2_manikin,C,C2,3deg,30deg,Experimental\G5Test\tomo_int3_cache\Group_C2_manikin_tomo_int3_3deg_30deg.npz,Experimental\G5Test\SFTF_result\Group_C2_manikin_candidates.csv,True,1292,36182.052832989655,True,usable
Group_C2_manikin,C,C2,3deg,45deg,Experimental\G5Test\tomo_int3_cache\Group_C2_manikin_tomo_int3_3deg_45deg.npz,Experimental\G5Test\SFTF_result\Group_C2_manikin_candidates.csv,True,1292,27812.445459287028,True,usable
Group_C2_manikin,C,C2,3deg,60deg,Experimental\G5Test\tomo_int3_cache\Group_C2_manikin_tomo_int3_3deg_60deg.npz,Experimental\G5Test\SFTF_result\Group_C2_manikin_candidates.csv,True,1292,5016.0810967122225,True,usable
Group_C3_dragon_100k_1.5x,C,C3,3deg,0deg,Experimental\G5Test\tomo_int3_cache\Group_C3_dragon_100k_1.5x_tomo_int3_3deg_0deg.npz,Experimental\G5Test\SFTF_result\Group_C3_dragon_100k_1.5x_candidates.csv,True,1292,217046.31206417872,True,usable
Group_C3_dragon_100k_1.5x,C,C3,3deg,30deg,Experimental\G5Test\tomo_int3_cache\Group_C3_dragon_100k_1.5x_tomo_int3_3deg_30deg.npz,Experimental\G5Test\SFTF_result\Group_C3_dragon_100k_1.5x_candidates.csv,True,1292,119415.71669145064,True,usable
Group_C3_dragon_100k_1.5x,C,C3,3deg,45deg,Experimental\G5Test\tomo_int3_cache\Group_C3_dragon_100k_1.5x_tomo_int3_3deg_45deg.npz,Experimental\G5Test\SFTF_result\Group_C3_dragon_100k_1.5x_candidates.csv,True,1292,84497.12075477789,True,usable
Group_C3_dragon_100k_1.5x,C,C3,3deg,60deg,Experimental\G5Test\tomo_int3_cache\Group_C3_dragon_100k_1.5x_tomo_int3_3deg_60deg.npz,Experimental\G5Test\SFTF_result\Group_C3_dragon_100k_1.5x_candidates.csv,True,1292,24446.98002712786,True,usable
Group_C4_happy_50k_0.75x,C,C4,3deg,0deg,Experimental\G5Test\tomo_int3_cache\Group_C4_happy_50k_0.75x_tomo_int3_3deg_0deg.npz,Experimental\G5Test\SFTF_result\Group_C4_happy_50k_0.75x_candidates.csv,True,1292,61815.58498666306,True,usable
Group_C4_happy_50k_0.75x,C,C4,3deg,30deg,Experimental\G5Test\tomo_int3_cache\Group_C4_happy_50k_0.75x_tomo_int3_3deg_30deg.npz,Experimental\G5Test\SFTF_result\Group_C4_happy_50k_0.75x_candidates.csv,True,1292,33012.18127416185,True,usable
Group_C4_happy_50k_0.75x,C,C4,3deg,45deg,Experimental\G5Test\tomo_int3_cache\Group_C4_happy_50k_0.75x_tomo_int3_3deg_45deg.npz,Experimental\G5Test\SFTF_result\Group_C4_happy_50k_0.75x_candidates.csv,True,1292,20912.9211331202,True,usable
Group_C4_happy_50k_0.75x,C,C4,3deg,60deg,Experimental\G5Test\tomo_int3_cache\Group_C4_happy_50k_0.75x_tomo_int3_3deg_60deg.npz,Experimental\G5Test\SFTF_result\Group_C4_happy_50k_0.75x_candidates.csv,True,1292,6592.139724857551,True,usable
Group_C5_lucy_50k,C,C5,3deg,0deg,Experimental\G5Test\tomo_int3_cache\Group_C5_lucy_50k_tomo_int3_3deg_0deg.npz,Experimental\G5Test\SFTF_result\Group_C5_lucy_50k_candidates.csv,True,1292,153809.30309453286,True,usable
Group_C5_lucy_50k,C,C5,3deg,30deg,Experimental\G5Test\tomo_int3_cache\Group_C5_lucy_50k_tomo_int3_3deg_30deg.npz,Experimental\G5Test\SFTF_result\Group_C5_lucy_50k_candidates.csv,True,1292,69481.02210178848,True,usable
Group_C5_lucy_50k,C,C5,3deg,45deg,Experimental\G5Test\tomo_int3_cache\Group_C5_lucy_50k_tomo_int3_3deg_45deg.npz,Experimental\G5Test\SFTF_result\Group_C5_lucy_50k_candidates.csv,True,1292,37083.20018673731,True,usable
Group_C5_lucy_50k,C,C5,3deg,60deg,Experimental\G5Test\tomo_int3_cache\Group_C5_lucy_50k_tomo_int3_3deg_60deg.npz,Experimental\G5Test\SFTF_result\Group_C5_lucy_50k_candidates.csv,True,1292,10036.132552407005,True,usable
Group_D10_37416,D,D10,3deg,0deg,Experimental\G5Test\tomo_int3_cache\Group_D10_37416_tomo_int3_3deg_0deg.npz,Experimental\G5Test\SFTF_result\Group_D10_37416_candidates.csv,True,1292,1619.9202576944651,True,usable
Group_D10_37416,D,D10,3deg,30deg,Experimental\G5Test\tomo_int3_cache\Group_D10_37416_tomo_int3_3deg_30deg.npz,Experimental\G5Test\SFTF_result\Group_D10_37416_candidates.csv,True,1292,-785.2000022722669,False,nonpositive_tomo_best
Group_D10_37416,D,D10,3deg,45deg,Experimental\G5Test\tomo_int3_cache\Group_D10_37416_tomo_int3_3deg_45deg.npz,Experimental\G5Test\SFTF_result\Group_D10_37416_candidates.csv,True,1292,-1786.600090255422,False,nonpositive_tomo_best
Group_D10_37416,D,D10,3deg,60deg,Experimental\G5Test\tomo_int3_cache\Group_D10_37416_tomo_int3_3deg_60deg.npz,Experimental\G5Test\SFTF_result\Group_D10_37416_candidates.csv,True,1292,-2258.7601310950668,False,nonpositive_tomo_best
Group_D10_65942,D,D10,3deg,0deg,Experimental\G5Test\tomo_int3_cache\Group_D10_65942_tomo_int3_3deg_0deg.npz,,False,,63329.99221549546,False,missing_candidate_csv
Group_D10_65942,D,D10,3deg,30deg,Experimental\G5Test\tomo_int3_cache\Group_D10_65942_tomo_int3_3deg_30deg.npz,,False,,19956.567070700905,False,missing_candidate_csv
Group_D10_65942,D,D10,3deg,45deg,Experimental\G5Test\tomo_int3_cache\Group_D10_65942_tomo_int3_3deg_45deg.npz,,False,,4784.303263199231,False,missing_candidate_csv
Group_D10_65942,D,D10,3deg,60deg,Experimental\G5Test\tomo_int3_cache\Group_D10_65942_tomo_int3_3deg_60deg.npz,,False,,-1289.6189019699727,False,missing_candidate_csv
Group_D1_37009,D,D1,3deg,0deg,Experimental\G5Test\tomo_int3_cache\Group_D1_37009_tomo_int3_3deg_0deg.npz,Experimental\G5Test\SFTF_result\Group_D1_37009_candidates.csv,True,1292,65813.50988592983,True,usable
Group_D1_37009,D,D1,3deg,30deg,Experimental\G5Test\tomo_int3_cache\Group_D1_37009_tomo_int3_3deg_30deg.npz,Experimental\G5Test\SFTF_result\Group_D1_37009_candidates.csv,True,1292,4729.440389585889,True,usable
Group_D1_37009,D,D1,3deg,45deg,Experimental\G5Test\tomo_int3_cache\Group_D1_37009_tomo_int3_3deg_45deg.npz,Experimental\G5Test\SFTF_result\Group_D1_37009_candidates.csv,True,1292,1060.6003694297854,True,usable
Group_D1_37009,D,D1,3deg,60deg,Experimental\G5Test\tomo_int3_cache\Group_D1_37009_tomo_int3_3deg_60deg.npz,Experimental\G5Test\SFTF_result\Group_D1_37009_candidates.csv,True,1292,-941.0798795952285,False,nonpositive_tomo_best
Group_D2_37010,D,D2,3deg,0deg,Experimental\G5Test\tomo_int3_cache\Group_D2_37010_tomo_int3_3deg_0deg.npz,Experimental\G5Test\SFTF_result\Group_D2_37010_candidates.csv,True,1292,8219.800704766896,True,usable
Group_D2_37010,D,D2,3deg,30deg,Experimental\G5Test\tomo_int3_cache\Group_D2_37010_tomo_int3_3deg_30deg.npz,Experimental\G5Test\SFTF_result\Group_D2_37010_candidates.csv,True,1292,-4474.440389428257,False,nonpositive_tomo_best
Group_D2_37010,D,D2,3deg,45deg,Experimental\G5Test\tomo_int3_cache\Group_D2_37010_tomo_int3_3deg_45deg.npz,Experimental\G5Test\SFTF_result\Group_D2_37010_candidates.csv,True,1292,-4550.199863339259,False,nonpositive_tomo_best
Group_D2_37010,D,D2,3deg,60deg,Experimental\G5Test\tomo_int3_cache\Group_D2_37010_tomo_int3_3deg_60deg.npz,Experimental\G5Test\SFTF_result\Group_D2_37010_candidates.csv,True,1292,-4553.5598904633325,False,nonpositive_tomo_best
Group_D3_37011,D,D3,3deg,0deg,Experimental\G5Test\tomo_int3_cache\Group_D3_37011_tomo_int3_3deg_0deg.npz,Experimental\G5Test\SFTF_result\Group_D3_37011_candidates.csv,True,1292,9313.420815901323,True,usable
Group_D3_37011,D,D3,3deg,30deg,Experimental\G5Test\tomo_int3_cache\Group_D3_37011_tomo_int3_3deg_30deg.npz,Experimental\G5Test\SFTF_result\Group_D3_37011_candidates.csv,True,1292,7962.745575865438,True,usable
Group_D3_37011,D,D3,3deg,45deg,Experimental\G5Test\tomo_int3_cache\Group_D3_37011_tomo_int3_3deg_45deg.npz,Experimental\G5Test\SFTF_result\Group_D3_37011_candidates.csv,True,1292,1899.2006532416856,True,usable
Group_D3_37011,D,D3,3deg,60deg,Experimental\G5Test\tomo_int3_cache\Group_D3_37011_tomo_int3_3deg_60deg.npz,Experimental\G5Test\SFTF_result\Group_D3_37011_candidates.csv,True,1292,103.72001739326588,True,usable
Group_D4_37091,D,D4,3deg,0deg,Experimental\G5Test\tomo_int3_cache\Group_D4_37091_tomo_int3_3deg_0deg.npz,Experimental\G5Test\SFTF_result\Group_D4_37091_candidates.csv,True,1292,3810.241448977762,True,usable
Group_D4_37091,D,D4,3deg,30deg,Experimental\G5Test\tomo_int3_cache\Group_D4_37091_tomo_int3_3deg_30deg.npz,Experimental\G5Test\SFTF_result\Group_D4_37091_candidates.csv,True,1292,709.3202722959282,True,usable
Group_D4_37091,D,D4,3deg,45deg,Experimental\G5Test\tomo_int3_cache\Group_D4_37091_tomo_int3_3deg_45deg.npz,Experimental\G5Test\SFTF_result\Group_D4_37091_candidates.csv,True,1292,167.00000740772435,True,usable
Group_D4_37091,D,D4,3deg,60deg,Experimental\G5Test\tomo_int3_cache\Group_D4_37091_tomo_int3_3deg_60deg.npz,Experimental\G5Test\SFTF_result\Group_D4_37091_candidates.csv,True,1292,0.0,False,nonpositive_tomo_best
Group_D5_37095,D,D5,3deg,0deg,Experimental\G5Test\tomo_int3_cache\Group_D5_37095_tomo_int3_3deg_0deg.npz,Experimental\G5Test\SFTF_result\Group_D5_37095_candidates.csv,True,1292,5226.24264078692,True,usable
Group_D5_37095,D,D5,3deg,30deg,Experimental\G5Test\tomo_int3_cache\Group_D5_37095_tomo_int3_3deg_30deg.npz,Experimental\G5Test\SFTF_result\Group_D5_37095_candidates.csv,True,1292,3624.042203603697,True,usable
Group_D5_37095,D,D5,3deg,45deg,Experimental\G5Test\tomo_int3_cache\Group_D5_37095_tomo_int3_3deg_45deg.npz,Experimental\G5Test\SFTF_result\Group_D5_37095_candidates.csv,True,1292,29.000001459205446,True,usable
Group_D5_37095,D,D5,3deg,60deg,Experimental\G5Test\tomo_int3_cache\Group_D5_37095_tomo_int3_3deg_60deg.npz,Experimental\G5Test\SFTF_result\Group_D5_37095_candidates.csv,True,1292,0.0,False,nonpositive_tomo_best
Group_D6_37111,D,D6,3deg,0deg,Experimental\G5Test\tomo_int3_cache\Group_D6_37111_tomo_int3_3deg_0deg.npz,Experimental\G5Test\SFTF_result\Group_D6_37111_candidates.csv,True,1292,99196.68623238556,True,usable
Group_D6_37111,D,D6,3deg,30deg,Experimental\G5Test\tomo_int3_cache\Group_D6_37111_tomo_int3_3deg_30deg.npz,Experimental\G5Test\SFTF_result\Group_D6_37111_candidates.csv,True,1292,58981.94667721583,True,usable
Group_D6_37111,D,D6,3deg,45deg,Experimental\G5Test\tomo_int3_cache\Group_D6_37111_tomo_int3_3deg_45deg.npz,Experimental\G5Test\SFTF_result\Group_D6_37111_candidates.csv,True,1292,38744.67424124726,True,usable
Group_D6_37111,D,D6,3deg,60deg,Experimental\G5Test\tomo_int3_cache\Group_D6_37111_tomo_int3_3deg_60deg.npz,Experimental\G5Test\SFTF_result\Group_D6_37111_candidates.csv,True,1292,9703.401691657453,True,usable
Group_D7_37137,D,D7,3deg,0deg,Experimental\G5Test\tomo_int3_cache\Group_D7_37137_tomo_int3_3deg_0deg.npz,Experimental\G5Test\SFTF_result\Group_D7_37137_candidates.csv,True,1292,92046.21748490767,True,usable
Group_D7_37137,D,D7,3deg,30deg,Experimental\G5Test\tomo_int3_cache\Group_D7_37137_tomo_int3_3deg_30deg.npz,Experimental\G5Test\SFTF_result\Group_D7_37137_candidates.csv,True,1292,55201.8457207798,True,usable
Group_D7_37137,D,D7,3deg,45deg,Experimental\G5Test\tomo_int3_cache\Group_D7_37137_tomo_int3_3deg_45deg.npz,Experimental\G5Test\SFTF_result\Group_D7_37137_candidates.csv,True,1292,29036.612550089183,True,usable
Group_D7_37137,D,D7,3deg,60deg,Experimental\G5Test\tomo_int3_cache\Group_D7_37137_tomo_int3_3deg_60deg.npz,Experimental\G5Test\SFTF_result\Group_D7_37137_candidates.csv,True,1292,6586.240835426268,True,usable
Group_D8_37402,D,D8,3deg,0deg,Experimental\G5Test\tomo_int3_cache\Group_D8_37402_tomo_int3_3deg_0deg.npz,Experimental\G5Test\SFTF_result\Group_D8_37402_candidates.csv,True,1292,46794.103196829805,True,usable
Group_D8_37402,D,D8,3deg,30deg,Experimental\G5Test\tomo_int3_cache\Group_D8_37402_tomo_int3_3deg_30deg.npz,Experimental\G5Test\SFTF_result\Group_D8_37402_candidates.csv,True,1292,33703.614857571185,True,usable
Group_D8_37402,D,D8,3deg,45deg,Experimental\G5Test\tomo_int3_cache\Group_D8_37402_tomo_int3_3deg_45deg.npz,Experimental\G5Test\SFTF_result\Group_D8_37402_candidates.csv,True,1292,17030.422352562266,True,usable
Group_D8_37402,D,D8,3deg,60deg,Experimental\G5Test\tomo_int3_cache\Group_D8_37402_tomo_int3_3deg_60deg.npz,Experimental\G5Test\SFTF_result\Group_D8_37402_candidates.csv,True,1292,6918.826379066656,True,usable
Group_D9_37415,D,D9,3deg,0deg,Experimental\G5Test\tomo_int3_cache\Group_D9_37415_tomo_int3_3deg_0deg.npz,Experimental\G5Test\SFTF_result\Group_D9_37415_candidates.csv,True,1292,60852.917757901276,True,usable
Group_D9_37415,D,D9,3deg,30deg,Experimental\G5Test\tomo_int3_cache\Group_D9_37415_tomo_int3_3deg_30deg.npz,Experimental\G5Test\SFTF_result\Group_D9_37415_candidates.csv,True,1292,40102.19810422787,True,usable
Group_D9_37415,D,D9,3deg,45deg,Experimental\G5Test\tomo_int3_cache\Group_D9_37415_tomo_int3_3deg_45deg.npz,Experimental\G5Test\SFTF_result\Group_D9_37415_candidates.csv,True,1292,25432.10195115775,True,usable
Group_D9_37415,D,D9,3deg,60deg,Experimental\G5Test\tomo_int3_cache\Group_D9_37415_tomo_int3_3deg_60deg.npz,Experimental\G5Test\SFTF_result\Group_D9_37415_candidates.csv,True,1292,11401.427678825441,True,usable
Group_E10_65942,E,E10,3deg,0deg,Experimental\G5Test\tomo_int3_cache\Group_E10_65942_tomo_int3_3deg_0deg.npz,Experimental\G5Test\SFTF_result\Group_E10_65942_candidates.csv,True,1292,63329.99221549546,True,usable
Group_E10_65942,E,E10,3deg,30deg,Experimental\G5Test\tomo_int3_cache\Group_E10_65942_tomo_int3_3deg_30deg.npz,Experimental\G5Test\SFTF_result\Group_E10_65942_candidates.csv,True,1292,19956.567070700905,True,usable
Group_E10_65942,E,E10,3deg,45deg,Experimental\G5Test\tomo_int3_cache\Group_E10_65942_tomo_int3_3deg_45deg.npz,Experimental\G5Test\SFTF_result\Group_E10_65942_candidates.csv,True,1292,4784.303263199231,True,usable
Group_E10_65942,E,E10,3deg,60deg,Experimental\G5Test\tomo_int3_cache\Group_E10_65942_tomo_int3_3deg_60deg.npz,Experimental\G5Test\SFTF_result\Group_E10_65942_candidates.csv,True,1292,-1289.6189019699727,False,nonpositive_tomo_best
Group_E1_39507,E,E1,3deg,0deg,Experimental\G5Test\tomo_int3_cache\Group_E1_39507_tomo_int3_3deg_0deg.npz,Experimental\G5Test\SFTF_result\Group_E1_39507_candidates.csv,True,1292,26384.341815286432,True,usable
Group_E1_39507,E,E1,3deg,30deg,Experimental\G5Test\tomo_int3_cache\Group_E1_39507_tomo_int3_3deg_30deg.npz,Experimental\G5Test\SFTF_result\Group_E1_39507_candidates.csv,True,1292,12513.107504726442,True,usable
Group_E1_39507,E,E1,3deg,45deg,Experimental\G5Test\tomo_int3_cache\Group_E1_39507_tomo_int3_3deg_45deg.npz,Experimental\G5Test\SFTF_result\Group_E1_39507_candidates.csv,True,1292,6492.921636124288,True,usable
Group_E1_39507,E,E1,3deg,60deg,Experimental\G5Test\tomo_int3_cache\Group_E1_39507_tomo_int3_3deg_60deg.npz,Experimental\G5Test\SFTF_result\Group_E1_39507_candidates.csv,True,1292,-6336.972240574104,False,nonpositive_tomo_best
Group_E2_45809,E,E2,3deg,0deg,Experimental\G5Test\tomo_int3_cache\Group_E2_45809_tomo_int3_3deg_0deg.npz,Experimental\G5Test\SFTF_result\Group_E2_45809_candidates.csv,True,1292,44756.944514503164,True,usable
Group_E2_45809,E,E2,3deg,30deg,Experimental\G5Test\tomo_int3_cache\Group_E2_45809_tomo_int3_3deg_30deg.npz,Experimental\G5Test\SFTF_result\Group_E2_45809_candidates.csv,True,1292,23054.57414674365,True,usable
Group_E2_45809,E,E2,3deg,45deg,Experimental\G5Test\tomo_int3_cache\Group_E2_45809_tomo_int3_3deg_45deg.npz,Experimental\G5Test\SFTF_result\Group_E2_45809_candidates.csv,True,1292,13090.16125261291,True,usable
Group_E2_45809,E,E2,3deg,60deg,Experimental\G5Test\tomo_int3_cache\Group_E2_45809_tomo_int3_3deg_60deg.npz,Experimental\G5Test\SFTF_result\Group_E2_45809_candidates.csv,True,1292,5296.947542300894,True,usable
Group_E3_45811,E,E3,3deg,0deg,Experimental\G5Test\tomo_int3_cache\Group_E3_45811_tomo_int3_3deg_0deg.npz,Experimental\G5Test\SFTF_result\Group_E3_45811_candidates.csv,True,1292,61300.46292770007,True,usable
Group_E3_45811,E,E3,3deg,30deg,Experimental\G5Test\tomo_int3_cache\Group_E3_45811_tomo_int3_3deg_30deg.npz,Experimental\G5Test\SFTF_result\Group_E3_45811_candidates.csv,True,1292,34737.6618503539,True,usable
Group_E3_45811,E,E3,3deg,45deg,Experimental\G5Test\tomo_int3_cache\Group_E3_45811_tomo_int3_3deg_45deg.npz,Experimental\G5Test\SFTF_result\Group_E3_45811_candidates.csv,True,1292,18146.859712837155,True,usable
Group_E3_45811,E,E3,3deg,60deg,Experimental\G5Test\tomo_int3_cache\Group_E3_45811_tomo_int3_3deg_60deg.npz,Experimental\G5Test\SFTF_result\Group_E3_45811_candidates.csv,True,1292,7292.647992283844,True,usable
Group_E4_46012,E,E4,3deg,0deg,Experimental\G5Test\tomo_int3_cache\Group_E4_46012_tomo_int3_3deg_0deg.npz,Experimental\G5Test\SFTF_result\Group_E4_46012_candidates.csv,True,1292,281322.13245738635,True,usable
Group_E4_46012,E,E4,3deg,30deg,Experimental\G5Test\tomo_int3_cache\Group_E4_46012_tomo_int3_3deg_30deg.npz,Experimental\G5Test\SFTF_result\Group_E4_46012_candidates.csv,True,1292,138894.19933981146,True,usable
Group_E4_46012,E,E4,3deg,45deg,Experimental\G5Test\tomo_int3_cache\Group_E4_46012_tomo_int3_3deg_45deg.npz,Experimental\G5Test\SFTF_result\Group_E4_46012_candidates.csv,True,1292,65162.74144826842,True,usable
Group_E4_46012,E,E4,3deg,60deg,Experimental\G5Test\tomo_int3_cache\Group_E4_46012_tomo_int3_3deg_60deg.npz,Experimental\G5Test\SFTF_result\Group_E4_46012_candidates.csv,True,1292,20004.763090906064,True,usable
Group_E5_55280,E,E5,3deg,0deg,Experimental\G5Test\tomo_int3_cache\Group_E5_55280_tomo_int3_3deg_0deg.npz,Experimental\G5Test\SFTF_result\Group_E5_55280_candidates.csv,True,1292,496380.5458762429,True,usable
Group_E5_55280,E,E5,3deg,30deg,Experimental\G5Test\tomo_int3_cache\Group_E5_55280_tomo_int3_3deg_30deg.npz,Experimental\G5Test\SFTF_result\Group_E5_55280_candidates.csv,True,1292,287175.5489633103,True,usable
Group_E5_55280,E,E5,3deg,45deg,Experimental\G5Test\tomo_int3_cache\Group_E5_55280_tomo_int3_3deg_45deg.npz,Experimental\G5Test\SFTF_result\Group_E5_55280_candidates.csv,True,1292,180551.32400891013,True,usable
Group_E5_55280,E,E5,3deg,60deg,Experimental\G5Test\tomo_int3_cache\Group_E5_55280_tomo_int3_3deg_60deg.npz,Experimental\G5Test\SFTF_result\Group_E5_55280_candidates.csv,True,1292,80136.25972527117,True,usable
Group_E6_59197,E,E6,3deg,0deg,Experimental\G5Test\tomo_int3_cache\Group_E6_59197_tomo_int3_3deg_0deg.npz,Experimental\G5Test\SFTF_result\Group_E6_59197_candidates.csv,True,1292,102.1199975131957,True,usable
Group_E6_59197,E,E6,3deg,30deg,Experimental\G5Test\tomo_int3_cache\Group_E6_59197_tomo_int3_3deg_30deg.npz,Experimental\G5Test\SFTF_result\Group_E6_59197_candidates.csv,True,1292,0.0,False,nonpositive_tomo_best
Group_E6_59197,E,E6,3deg,45deg,Experimental\G5Test\tomo_int3_cache\Group_E6_59197_tomo_int3_3deg_45deg.npz,Experimental\G5Test\SFTF_result\Group_E6_59197_candidates.csv,True,1292,0.0,False,nonpositive_tomo_best
Group_E6_59197,E,E6,3deg,60deg,Experimental\G5Test\tomo_int3_cache\Group_E6_59197_tomo_int3_3deg_60deg.npz,Experimental\G5Test\SFTF_result\Group_E6_59197_candidates.csv,True,1292,0.0,False,nonpositive_tomo_best
Group_E7_61384,E,E7,3deg,0deg,Experimental\G5Test\tomo_int3_cache\Group_E7_61384_tomo_int3_3deg_0deg.npz,Experimental\G5Test\SFTF_result\Group_E7_61384_candidates.csv,True,1292,75041.0458273139,True,usable
Group_E7_61384,E,E7,3deg,30deg,Experimental\G5Test\tomo_int3_cache\Group_E7_61384_tomo_int3_3deg_30deg.npz,Experimental\G5Test\SFTF_result\Group_E7_61384_candidates.csv,True,1292,21137.96068617135,True,usable
Group_E7_61384,E,E7,3deg,45deg,Experimental\G5Test\tomo_int3_cache\Group_E7_61384_tomo_int3_3deg_45deg.npz,Experimental\G5Test\SFTF_result\Group_E7_61384_candidates.csv,True,1292,17587.73858882179,True,usable
Group_E7_61384,E,E7,3deg,60deg,Experimental\G5Test\tomo_int3_cache\Group_E7_61384_tomo_int3_3deg_60deg.npz,Experimental\G5Test\SFTF_result\Group_E7_61384_candidates.csv,True,1292,-3503.286148890976,False,nonpositive_tomo_best
Group_E8_64445,E,E8,3deg,0deg,Experimental\G5Test\tomo_int3_cache\Group_E8_64445_tomo_int3_3deg_0deg.npz,Experimental\G5Test\SFTF_result\Group_E8_64445_candidates.csv,True,1292,13777.221148216035,True,usable
Group_E8_64445,E,E8,3deg,30deg,Experimental\G5Test\tomo_int3_cache\Group_E8_64445_tomo_int3_3deg_30deg.npz,Experimental\G5Test\SFTF_result\Group_E8_64445_candidates.csv,True,1292,1158.2095224984785,True,usable
Group_E8_64445,E,E8,3deg,45deg,Experimental\G5Test\tomo_int3_cache\Group_E8_64445_tomo_int3_3deg_45deg.npz,Experimental\G5Test\SFTF_result\Group_E8_64445_candidates.csv,True,1292,-14941.956109631356,False,nonpositive_tomo_best
Group_E8_64445,E,E8,3deg,60deg,Experimental\G5Test\tomo_int3_cache\Group_E8_64445_tomo_int3_3deg_60deg.npz,Experimental\G5Test\SFTF_result\Group_E8_64445_candidates.csv,True,1292,-36271.209000381925,False,nonpositive_tomo_best
Group_E9_64446,E,E9,3deg,0deg,Experimental\G5Test\tomo_int3_cache\Group_E9_64446_tomo_int3_3deg_0deg.npz,Experimental\G5Test\SFTF_result\Group_E9_64446_candidates.csv,True,1292,13777.221148216035,True,usable
Group_E9_64446,E,E9,3deg,30deg,Experimental\G5Test\tomo_int3_cache\Group_E9_64446_tomo_int3_3deg_30deg.npz,Experimental\G5Test\SFTF_result\Group_E9_64446_candidates.csv,True,1292,1158.2095224984785,True,usable
Group_E9_64446,E,E9,3deg,45deg,Experimental\G5Test\tomo_int3_cache\Group_E9_64446_tomo_int3_3deg_45deg.npz,Experimental\G5Test\SFTF_result\Group_E9_64446_candidates.csv,True,1292,-14941.956109631356,False,nonpositive_tomo_best
Group_E9_64446,E,E9,3deg,60deg,Experimental\G5Test\tomo_int3_cache\Group_E9_64446_tomo_int3_3deg_60deg.npz,Experimental\G5Test\SFTF_result\Group_E9_64446_candidates.csv,True,1292,-36271.209000381925,False,nonpositive_tomo_best
