mesh,top_k,window_degrees,min_angle_degrees,face_count,candidate_pool_size,full_grid_cells,local_cell_count,local_budget_fraction,candidate_budget_fraction,tomo_best_yaw,tomo_best_pitch,tomo_best_vss,pool_oracle_vss,pool_oracle_ratio,seed_best_rank,seed_best_yaw,seed_best_pitch,seed_best_vss,seed_best_ratio,local_best_yaw,local_best_pitch,local_best_vss,local_best_ratio,elapsed_sec
Group_C1_Bunny_69k.ply,1,10.0,3.0,69662,1292,130321,400,0.0030693441578870636,0.0007739938080495357,299.000000351879,36.99999875288908,4440.337173209703,4527.99146825617,1.0197404592550583,1,67.00000300280972,128.9999933444683,5217.859567689501,1.1751043590047385,59.00000050345972,127.99999900846505,4631.5493662495255,1.043062539077771,1.6220939999911934
Group_C1_Bunny_69k.ply,2,10.0,3.0,69662,1292,130321,799,0.006131014955379409,0.0015479876160990713,299.000000351879,36.99999875288908,4440.337173209703,4527.99146825617,1.0197404592550583,1,67.00000300280972,128.9999933444683,5217.859567689501,1.1751043590047385,59.00000050345972,127.99999900846505,4631.5493662495255,1.043062539077771,1.6220939999911934
Group_C1_Bunny_69k.ply,3,10.0,3.0,69662,1292,130321,1086,0.008333269388663377,0.0023219814241486067,299.000000351879,36.99999875288908,4440.337173209703,4527.99146825617,1.0197404592550583,1,67.00000300280972,128.9999933444683,5217.859567689501,1.1751043590047385,59.00000050345972,127.99999900846505,4631.5493662495255,1.043062539077771,1.6220939999911934
Group_C1_Bunny_69k.ply,4,10.0,3.0,69662,1292,130321,1506,0.011556080754444795,0.0030959752321981426,299.000000351879,36.99999875288908,4440.337173209703,4527.99146825617,1.0197404592550583,1,67.00000300280972,128.9999933444683,5217.859567689501,1.1751043590047385,59.00000050345972,127.99999900846505,4631.5493662495255,1.043062539077771,1.6220939999911934
Group_C1_Bunny_69k.ply,5,10.0,3.0,69662,1292,130321,1689,0.012960305706678126,0.003869969040247678,299.000000351879,36.99999875288908,4440.337173209703,4527.99146825617,1.0197404592550583,5,56.000000419977106,127.99999900846505,4709.390569324336,1.0605930103096535,51.000001419204295,125.00000234007703,4509.153444904927,1.0154979833762219,1.6220939999911934
Group_C1_Bunny_69k.ply,6,10.0,3.0,69662,1292,130321,2109,0.016183117072459542,0.0046439628482972135,299.000000351879,36.99999875288908,4440.337173209703,4527.99146825617,1.0197404592550583,5,56.000000419977106,127.99999900846505,4709.390569324336,1.0605930103096535,51.000001419204295,125.00000234007703,4509.153444904927,1.0154979833762219,1.6220939999911934
Group_C1_Bunny_69k.ply,7,10.0,3.0,69662,1292,130321,2165,0.016612825254563732,0.005417956656346749,299.000000351879,36.99999875288908,4440.337173209703,4527.99146825617,1.0197404592550583,5,56.000000419977106,127.99999900846505,4709.390569324336,1.0605930103096535,51.000001419204295,125.00000234007703,4509.153444904927,1.0154979833762219,1.6220939999911934
Group_C1_Bunny_69k.ply,8,10.0,3.0,69662,1292,130321,2515,0.019298501392714912,0.006191950464396285,299.000000351879,36.99999875288908,4440.337173209703,4527.99146825617,1.0197404592550583,5,56.000000419977106,127.99999900846505,4709.390569324336,1.0605930103096535,230.00000867706282,54.0000015026869,4505.873711641169,1.0147593608041465,1.6220939999911934
Group_C1_Bunny_69k.ply,9,10.0,3.0,69662,1292,130321,2547,0.019544048925345878,0.00696594427244582,299.000000351879,36.99999875288908,4440.337173209703,4527.99146825617,1.0197404592550583,5,56.000000419977106,127.99999900846505,4709.390569324336,1.0605930103096535,230.00000867706282,54.0000015026869,4505.873711641169,1.0147593608041465,1.6220939999911934
Group_C1_Bunny_69k.ply,10,10.0,3.0,69662,1292,130321,2707,0.020771786588500703,0.007739938080495356,299.000000351879,36.99999875288908,4440.337173209703,4527.99146825617,1.0197404592550583,5,56.000000419977106,127.99999900846505,4709.390569324336,1.0605930103096535,230.00000867706282,54.0000015026869,4505.873711641169,1.0147593608041465,1.6220939999911934
Group_C1_Bunny_69k.ply,11,10.0,3.0,69662,1292,130321,2739,0.021017334121131666,0.008513931888544891,299.000000351879,36.99999875288908,4440.337173209703,4527.99146825617,1.0197404592550583,5,56.000000419977106,127.99999900846505,4709.390569324336,1.0605930103096535,230.00000867706282,54.0000015026869,4505.873711641169,1.0147593608041465,1.6220939999911934
Group_C1_Bunny_69k.ply,12,10.0,3.0,69662,1292,130321,3033,0.02327330207717866,0.009287925696594427,299.000000351879,36.99999875288908,4440.337173209703,4527.99146825617,1.0197404592550583,5,56.000000419977106,127.99999900846505,4709.390569324336,1.0605930103096535,230.00000867706282,54.0000015026869,4505.873711641169,1.0147593608041465,1.6220939999911934
Group_C1_Bunny_69k.ply,13,10.0,3.0,69662,1292,130321,3181,0.024408959415596874,0.010061919504643963,299.000000351879,36.99999875288908,4440.337173209703,4527.99146825617,1.0197404592550583,5,56.000000419977106,127.99999900846505,4709.390569324336,1.0605930103096535,230.00000867706282,54.0000015026869,4505.873711641169,1.0147593608041465,1.6220939999911934
Group_C1_Bunny_69k.ply,14,10.0,3.0,69662,1292,130321,3213,0.024654506948227836,0.010835913312693499,299.000000351879,36.99999875288908,4440.337173209703,4527.99146825617,1.0197404592550583,5,56.000000419977106,127.99999900846505,4709.390569324336,1.0605930103096535,230.00000867706282,54.0000015026869,4505.873711641169,1.0147593608041465,1.6220939999911934
Group_C1_Bunny_69k.ply,15,10.0,3.0,69662,1292,130321,3374,0.02588991797177738,0.011609907120743035,299.000000351879,36.99999875288908,4440.337173209703,4527.99146825617,1.0197404592550583,5,56.000000419977106,127.99999900846505,4709.390569324336,1.0605930103096535,230.00000867706282,54.0000015026869,4505.873711641169,1.0147593608041465,1.6220939999911934
Group_C1_Bunny_69k.ply,16,10.0,3.0,69662,1292,130321,3815,0.029273869905847866,0.01238390092879257,299.000000351879,36.99999875288908,4440.337173209703,4527.99146825617,1.0197404592550583,5,56.000000419977106,127.99999900846505,4709.390569324336,1.0605930103096535,230.00000867706282,54.0000015026869,4505.873711641169,1.0147593608041465,1.6220939999911934
Group_C1_Bunny_69k.ply,17,10.0,3.0,69662,1292,130321,3873,0.02971892480874149,0.013157894736842105,299.000000351879,36.99999875288908,4440.337173209703,4527.99146825617,1.0197404592550583,5,56.000000419977106,127.99999900846505,4709.390569324336,1.0605930103096535,230.00000867706282,54.0000015026869,4505.873711641169,1.0147593608041465,1.6220939999911934
Group_C1_Bunny_69k.ply,18,10.0,3.0,69662,1292,130321,3887,0.02982635185426754,0.01393188854489164,299.000000351879,36.99999875288908,4440.337173209703,4527.99146825617,1.0197404592550583,5,56.000000419977106,127.99999900846505,4709.390569324336,1.0605930103096535,230.00000867706282,54.0000015026869,4505.873711641169,1.0147593608041465,1.6220939999911934
Group_C1_Bunny_69k.ply,19,10.0,3.0,69662,1292,130321,3958,0.030371160442292492,0.014705882352941176,299.000000351879,36.99999875288908,4440.337173209703,4527.99146825617,1.0197404592550583,5,56.000000419977106,127.99999900846505,4709.390569324336,1.0605930103096535,230.00000867706282,54.0000015026869,4505.873711641169,1.0147593608041465,1.6220939999911934
Group_C1_Bunny_69k.ply,20,10.0,3.0,69662,1292,130321,4078,0.031291963689658614,0.015479876160990712,299.000000351879,36.99999875288908,4440.337173209703,4527.99146825617,1.0197404592550583,5,56.000000419977106,127.99999900846505,4709.390569324336,1.0605930103096535,230.00000867706282,54.0000015026869,4505.873711641169,1.0147593608041465,1.6220939999911934
Group_C1_Bunny_69k.ply,21,10.0,3.0,69662,1292,130321,4498,0.03451477505544003,0.016253869969040248,299.000000351879,36.99999875288908,4440.337173209703,4527.99146825617,1.0197404592550583,5,56.000000419977106,127.99999900846505,4709.390569324336,1.0605930103096535,230.00000867706282,54.0000015026869,4505.873711641169,1.0147593608041465,1.6220939999911934
Group_C1_Bunny_69k.ply,22,10.0,3.0,69662,1292,130321,4612,0.03538953814043784,0.017027863777089782,299.000000351879,36.99999875288908,4440.337173209703,4527.99146825617,1.0197404592550583,5,56.000000419977106,127.99999900846505,4709.390569324336,1.0605930103096535,230.00000867706282,54.0000015026869,4505.873711641169,1.0147593608041465,1.6220939999911934
Group_C1_Bunny_69k.ply,23,10.0,3.0,69662,1292,130321,4918,0.03773758642122144,0.01780185758513932,299.000000351879,36.99999875288908,4440.337173209703,4527.99146825617,1.0197404592550583,5,56.000000419977106,127.99999900846505,4709.390569324336,1.0605930103096535,230.00000867706282,54.0000015026869,4505.873711641169,1.0147593608041465,1.6220939999911934
Group_C1_Bunny_69k.ply,24,10.0,3.0,69662,1292,130321,5338,0.04096039778700286,0.018575851393188854,299.000000351879,36.99999875288908,4440.337173209703,4527.99146825617,1.0197404592550583,5,56.000000419977106,127.99999900846505,4709.390569324336,1.0605930103096535,230.00000867706282,54.0000015026869,4505.873711641169,1.0147593608041465,1.6220939999911934
Group_C1_Bunny_69k.ply,25,10.0,3.0,69662,1292,130321,5779,0.04434434972107335,0.01934984520123839,299.000000351879,36.99999875288908,4440.337173209703,4527.99146825617,1.0197404592550583,5,56.000000419977106,127.99999900846505,4709.390569324336,1.0605930103096535,230.00000867706282,54.0000015026869,4505.873711641169,1.0147593608041465,1.6220939999911934
Group_C1_Bunny_69k.ply,26,10.0,3.0,69662,1292,130321,5980,0.0458866951604116,0.020123839009287926,299.000000351879,36.99999875288908,4440.337173209703,4527.99146825617,1.0197404592550583,5,56.000000419977106,127.99999900846505,4709.390569324336,1.0605930103096535,230.00000867706282,54.0000015026869,4505.873711641169,1.0147593608041465,1.6220939999911934
Group_C1_Bunny_69k.ply,27,10.0,3.0,69662,1292,130321,6421,0.04927064709448209,0.02089783281733746,299.000000351879,36.99999875288908,4440.337173209703,4527.99146825617,1.0197404592550583,5,56.000000419977106,127.99999900846505,4709.390569324336,1.0605930103096535,230.00000867706282,54.0000015026869,4505.873711641169,1.0147593608041465,1.6220939999911934
Group_C1_Bunny_69k.ply,28,10.0,3.0,69662,1292,130321,6796,0.05214815724250121,0.021671826625386997,299.000000351879,36.99999875288908,4440.337173209703,4527.99146825617,1.0197404592550583,5,56.000000419977106,127.99999900846505,4709.390569324336,1.0605930103096535,230.00000867706282,54.0000015026869,4505.873711641169,1.0147593608041465,1.6220939999911934
Group_C1_Bunny_69k.ply,29,10.0,3.0,69662,1292,130321,7029,0.05393605021447042,0.02244582043343653,299.000000351879,36.99999875288908,4440.337173209703,4527.99146825617,1.0197404592550583,5,56.000000419977106,127.99999900846505,4709.390569324336,1.0605930103096535,230.00000867706282,54.0000015026869,4505.873711641169,1.0147593608041465,1.6220939999911934
Group_C1_Bunny_69k.ply,30,10.0,3.0,69662,1292,130321,7069,0.05424298463025913,0.02321981424148607,299.000000351879,36.99999875288908,4440.337173209703,4527.99146825617,1.0197404592550583,5,56.000000419977106,127.99999900846505,4709.390569324336,1.0605930103096535,230.00000867706282,54.0000015026869,4505.873711641169,1.0147593608041465,1.6220939999911934
Group_C1_Bunny_69k.ply,31,10.0,3.0,69662,1292,130321,7245,0.055593496059729436,0.023993808049535603,299.000000351879,36.99999875288908,4440.337173209703,4527.99146825617,1.0197404592550583,5,56.000000419977106,127.99999900846505,4709.390569324336,1.0605930103096535,230.00000867706282,54.0000015026869,4505.873711641169,1.0147593608041465,1.6220939999911934
Group_C1_Bunny_69k.ply,32,10.0,3.0,69662,1292,130321,7417,0.05691331404762087,0.02476780185758514,299.000000351879,36.99999875288908,4440.337173209703,4527.99146825617,1.0197404592550583,5,56.000000419977106,127.99999900846505,4709.390569324336,1.0605930103096535,230.00000867706282,54.0000015026869,4505.873711641169,1.0147593608041465,1.6220939999911934
Group_C1_Bunny_69k.ply,33,10.0,3.0,69662,1292,130321,7603,0.05834055908103836,0.025541795665634675,299.000000351879,36.99999875288908,4440.337173209703,4527.99146825617,1.0197404592550583,5,56.000000419977106,127.99999900846505,4709.390569324336,1.0605930103096535,230.00000867706282,54.0000015026869,4505.873711641169,1.0147593608041465,1.6220939999911934
Group_C1_Bunny_69k.ply,34,10.0,3.0,69662,1292,130321,8044,0.06172451101510885,0.02631578947368421,299.000000351879,36.99999875288908,4440.337173209703,4527.99146825617,1.0197404592550583,5,56.000000419977106,127.99999900846505,4709.390569324336,1.0605930103096535,230.00000867706282,54.0000015026869,4505.873711641169,1.0147593608041465,1.6220939999911934
Group_C1_Bunny_69k.ply,35,10.0,3.0,69662,1292,130321,8130,0.062384420009054566,0.027089783281733747,299.000000351879,36.99999875288908,4440.337173209703,4527.99146825617,1.0197404592550583,5,56.000000419977106,127.99999900846505,4709.390569324336,1.0605930103096535,230.00000867706282,54.0000015026869,4505.873711641169,1.0147593608041465,1.6220939999911934
Group_C1_Bunny_69k.ply,36,10.0,3.0,69662,1292,130321,8259,0.06337428349997315,0.02786377708978328,299.000000351879,36.99999875288908,4440.337173209703,4527.99146825617,1.0197404592550583,5,56.000000419977106,127.99999900846505,4709.390569324336,1.0605930103096535,230.00000867706282,54.0000015026869,4505.873711641169,1.0147593608041465,1.6220939999911934
Group_C1_Bunny_69k.ply,37,10.0,3.0,69662,1292,130321,8310,0.06376562488010375,0.02863777089783282,299.000000351879,36.99999875288908,4440.337173209703,4527.99146825617,1.0197404592550583,5,56.000000419977106,127.99999900846505,4709.390569324336,1.0605930103096535,230.00000867706282,54.0000015026869,4505.873711641169,1.0147593608041465,1.6220939999911934
Group_C1_Bunny_69k.ply,38,10.0,3.0,69662,1292,130321,8652,0.06638991413509718,0.029411764705882353,299.000000351879,36.99999875288908,4440.337173209703,4527.99146825617,1.0197404592550583,5,56.000000419977106,127.99999900846505,4709.390569324336,1.0605930103096535,230.00000867706282,54.0000015026869,4505.873711641169,1.0147593608041465,1.6220939999911934
Group_C1_Bunny_69k.ply,39,10.0,3.0,69662,1292,130321,8652,0.06638991413509718,0.03018575851393189,299.000000351879,36.99999875288908,4440.337173209703,4527.99146825617,1.0197404592550583,5,56.000000419977106,127.99999900846505,4709.390569324336,1.0605930103096535,230.00000867706282,54.0000015026869,4505.873711641169,1.0147593608041465,1.6220939999911934
Group_C1_Bunny_69k.ply,40,10.0,3.0,69662,1292,130321,8717,0.06688868256075384,0.030959752321981424,299.000000351879,36.99999875288908,4440.337173209703,4527.99146825617,1.0197404592550583,5,56.000000419977106,127.99999900846505,4709.390569324336,1.0605930103096535,230.00000867706282,54.0000015026869,4505.873711641169,1.0147593608041465,1.6220939999911934
Group_C1_Bunny_69k.ply,41,10.0,3.0,69662,1292,130321,8790,0.06744883786956822,0.03173374613003096,299.000000351879,36.99999875288908,4440.337173209703,4527.99146825617,1.0197404592550583,5,56.000000419977106,127.99999900846505,4709.390569324336,1.0605930103096535,230.00000867706282,54.0000015026869,4505.873711641169,1.0147593608041465,1.6220939999911934
Group_C1_Bunny_69k.ply,42,10.0,3.0,69662,1292,130321,9147,0.07018822753048243,0.032507739938080496,299.000000351879,36.99999875288908,4440.337173209703,4527.99146825617,1.0197404592550583,5,56.000000419977106,127.99999900846505,4709.390569324336,1.0605930103096535,230.00000867706282,54.0000015026869,4505.873711641169,1.0147593608041465,1.6220939999911934
Group_C1_Bunny_69k.ply,43,10.0,3.0,69662,1292,130321,9528,0.07311177784086985,0.033281733746130034,299.000000351879,36.99999875288908,4440.337173209703,4527.99146825617,1.0197404592550583,5,56.000000419977106,127.99999900846505,4709.390569324336,1.0605930103096535,230.00000867706282,54.0000015026869,4505.873711641169,1.0147593608041465,1.6220939999911934
Group_C1_Bunny_69k.ply,44,10.0,3.0,69662,1292,130321,9618,0.07380238027639444,0.034055727554179564,299.000000351879,36.99999875288908,4440.337173209703,4527.99146825617,1.0197404592550583,5,56.000000419977106,127.99999900846505,4709.390569324336,1.0605930103096535,230.00000867706282,54.0000015026869,4505.873711641169,1.0147593608041465,1.6220939999911934
Group_C1_Bunny_69k.ply,45,10.0,3.0,69662,1292,130321,9718,0.0745697163158662,0.0348297213622291,299.000000351879,36.99999875288908,4440.337173209703,4527.99146825617,1.0197404592550583,5,56.000000419977106,127.99999900846505,4709.390569324336,1.0605930103096535,230.00000867706282,54.0000015026869,4505.873711641169,1.0147593608041465,1.6220939999911934
Group_C1_Bunny_69k.ply,46,10.0,3.0,69662,1292,130321,10138,0.07779252768164763,0.03560371517027864,299.000000351879,36.99999875288908,4440.337173209703,4527.99146825617,1.0197404592550583,5,56.000000419977106,127.99999900846505,4709.390569324336,1.0605930103096535,230.00000867706282,54.0000015026869,4505.873711641169,1.0147593608041465,1.6220939999911934
Group_C1_Bunny_69k.ply,47,10.0,3.0,69662,1292,130321,10558,0.08101533904742904,0.03637770897832817,299.000000351879,36.99999875288908,4440.337173209703,4527.99146825617,1.0197404592550583,5,56.000000419977106,127.99999900846505,4709.390569324336,1.0605930103096535,230.00000867706282,54.0000015026869,4505.873711641169,1.0147593608041465,1.6220939999911934
Group_C1_Bunny_69k.ply,48,10.0,3.0,69662,1292,130321,10999,0.08439929098149952,0.03715170278637771,299.000000351879,36.99999875288908,4440.337173209703,4527.99146825617,1.0197404592550583,5,56.000000419977106,127.99999900846505,4709.390569324336,1.0605930103096535,230.00000867706282,54.0000015026869,4505.873711641169,1.0147593608041465,1.6220939999911934
Group_C1_Bunny_69k.ply,49,10.0,3.0,69662,1292,130321,11237,0.08622555075544233,0.037925696594427245,299.000000351879,36.99999875288908,4440.337173209703,4527.99146825617,1.0197404592550583,5,56.000000419977106,127.99999900846505,4709.390569324336,1.0605930103096535,230.00000867706282,54.0000015026869,4505.873711641169,1.0147593608041465,1.6220939999911934
Group_C1_Bunny_69k.ply,50,10.0,3.0,69662,1292,130321,11264,0.0864327314860997,0.03869969040247678,299.000000351879,36.99999875288908,4440.337173209703,4527.99146825617,1.0197404592550583,5,56.000000419977106,127.99999900846505,4709.390569324336,1.0605930103096535,230.00000867706282,54.0000015026869,4505.873711641169,1.0147593608041465,1.6220939999911934
Group_C2_manikin.ply,1,10.0,3.0,13672,1292,130321,420,0.0032228113657814168,0.0007739938080495357,190.00000301050196,9.000000250447817,2956.1209284569604,3461.6811216370133,1.1710214857292547,1,181.99999368096277,353.99998936037997,5565.561046285077,1.8827244151984661,188.9999950141204,351.0000063523703,3160.5210186036165,1.0691446984387574,1.208818600018276
Group_C2_manikin.ply,2,10.0,3.0,13672,1292,130321,861,0.0066067632998519045,0.0015479876160990713,190.00000301050196,9.000000250447817,2956.1209284569604,3461.6811216370133,1.1710214857292547,1,181.99999368096277,353.99998936037997,5565.561046285077,1.8827244151984661,188.9999950141204,351.0000063523703,3160.5210186036165,1.0691446984387574,1.208818600018276
Group_C2_manikin.ply,3,10.0,3.0,13672,1292,130321,1133,0.008693917327215108,0.0023219814241486067,190.00000301050196,9.000000250447817,2956.1209284569604,3461.6811216370133,1.1710214857292547,1,181.99999368096277,353.99998936037997,5565.561046285077,1.8827244151984661,188.9999950141204,351.0000063523703,3160.5210186036165,1.0691446984387574,1.208818600018276
Group_C2_manikin.ply,4,10.0,3.0,13672,1292,130321,1406,0.010788744714973028,0.0030959752321981426,190.00000301050196,9.000000250447817,2956.1209284569604,3461.6811216370133,1.1710214857292547,1,181.99999368096277,353.99998936037997,5565.561046285077,1.8827244151984661,188.9999950141204,351.0000063523703,3160.5210186036165,1.0691446984387574,1.208818600018276
Group_C2_manikin.ply,5,10.0,3.0,13672,1292,130321,1506,0.011556080754444795,0.003869969040247678,190.00000301050196,9.000000250447817,2956.1209284569604,3461.6811216370133,1.1710214857292547,1,181.99999368096277,353.99998936037997,5565.561046285077,1.8827244151984661,188.9999950141204,351.0000063523703,3160.5210186036165,1.0691446984387574,1.208818600018276
Group_C2_manikin.ply,6,10.0,3.0,13672,1292,130321,1674,0.01284520530075736,0.0046439628482972135,190.00000301050196,9.000000250447817,2956.1209284569604,3461.6811216370133,1.1710214857292547,1,181.99999368096277,353.99998936037997,5565.561046285077,1.8827244151984661,188.9999950141204,351.0000063523703,3160.5210186036165,1.0691446984387574,1.208818600018276
Group_C2_manikin.ply,7,10.0,3.0,13672,1292,130321,1808,0.013873435593649527,0.005417956656346749,190.00000301050196,9.000000250447817,2956.1209284569604,3461.6811216370133,1.1710214857292547,1,181.99999368096277,353.99998936037997,5565.561046285077,1.8827244151984661,188.9999950141204,351.0000063523703,3160.5210186036165,1.0691446984387574,1.208818600018276
Group_C2_manikin.ply,8,10.0,3.0,13672,1292,130321,1963,0.015062806454830765,0.006191950464396285,190.00000301050196,9.000000250447817,2956.1209284569604,3461.6811216370133,1.1710214857292547,8,183.00000167734436,4.99999985454646,5310.2009552569425,1.7963409088371658,190.00000301050196,9.000000250447817,2956.1209284569604,1.0,1.208818600018276
Group_C2_manikin.ply,9,10.0,3.0,13672,1292,130321,1987,0.015246967104303987,0.00696594427244582,190.00000301050196,9.000000250447817,2956.1209284569604,3461.6811216370133,1.1710214857292547,8,183.00000167734436,4.99999985454646,5310.2009552569425,1.7963409088371658,190.00000301050196,9.000000250447817,2956.1209284569604,1.0,1.208818600018276
Group_C2_manikin.ply,10,10.0,3.0,13672,1292,130321,2050,0.0157303888091712,0.007739938080495356,190.00000301050196,9.000000250447817,2956.1209284569604,3461.6811216370133,1.1710214857292547,10,3.999999969014533,183.99999601334758,4336.1206685215975,1.4668279050359996,190.00000301050196,9.000000250447817,2956.1209284569604,1.0,1.208818600018276
Group_C2_manikin.ply,11,10.0,3.0,13672,1292,130321,2086,0.016006629783381035,0.008513931888544891,190.00000301050196,9.000000250447817,2956.1209284569604,3461.6811216370133,1.1710214857292547,10,3.999999969014533,183.99999601334758,4336.1206685215975,1.4668279050359996,190.00000301050196,9.000000250447817,2956.1209284569604,1.0,1.208818600018276
Group_C2_manikin.ply,12,10.0,3.0,13672,1292,130321,2086,0.016006629783381035,0.009287925696594427,190.00000301050196,9.000000250447817,2956.1209284569604,3461.6811216370133,1.1710214857292547,10,3.999999969014533,183.99999601334758,4336.1206685215975,1.4668279050359996,190.00000301050196,9.000000250447817,2956.1209284569604,1.0,1.208818600018276
Group_C2_manikin.ply,13,10.0,3.0,13672,1292,130321,2140,0.01642099124469579,0.010061919504643963,190.00000301050196,9.000000250447817,2956.1209284569604,3461.6811216370133,1.1710214857292547,10,3.999999969014533,183.99999601334758,4336.1206685215975,1.4668279050359996,190.00000301050196,9.000000250447817,2956.1209284569604,1.0,1.208818600018276
Group_C2_manikin.ply,14,10.0,3.0,13672,1292,130321,2190,0.016804659264431674,0.010835913312693499,190.00000301050196,9.000000250447817,2956.1209284569604,3461.6811216370133,1.1710214857292547,10,3.999999969014533,183.99999601334758,4336.1206685215975,1.4668279050359996,190.00000301050196,9.000000250447817,2956.1209284569604,1.0,1.208818600018276
Group_C2_manikin.ply,15,10.0,3.0,13672,1292,130321,2231,0.017119267040615095,0.011609907120743035,190.00000301050196,9.000000250447817,2956.1209284569604,3461.6811216370133,1.1710214857292547,10,3.999999969014533,183.99999601334758,4336.1206685215975,1.4668279050359996,190.00000301050196,9.000000250447817,2956.1209284569604,1.0,1.208818600018276
Group_C2_manikin.ply,16,10.0,3.0,13672,1292,130321,2231,0.017119267040615095,0.01238390092879257,190.00000301050196,9.000000250447817,2956.1209284569604,3461.6811216370133,1.1710214857292547,10,3.999999969014533,183.99999601334758,4336.1206685215975,1.4668279050359996,190.00000301050196,9.000000250447817,2956.1209284569604,1.0,1.208818600018276
Group_C2_manikin.ply,17,10.0,3.0,13672,1292,130321,2357,0.01808611045034952,0.013157894736842105,190.00000301050196,9.000000250447817,2956.1209284569604,3461.6811216370133,1.1710214857292547,10,3.999999969014533,183.99999601334758,4336.1206685215975,1.4668279050359996,190.00000301050196,9.000000250447817,2956.1209284569604,1.0,1.208818600018276
Group_C2_manikin.ply,18,10.0,3.0,13672,1292,130321,2597,0.01992771694508176,0.01393188854489164,190.00000301050196,9.000000250447817,2956.1209284569604,3461.6811216370133,1.1710214857292547,10,3.999999969014533,183.99999601334758,4336.1206685215975,1.4668279050359996,190.00000301050196,9.000000250447817,2956.1209284569604,1.0,1.208818600018276
Group_C2_manikin.ply,19,10.0,3.0,13672,1292,130321,2770,0.021255208293367914,0.014705882352941176,190.00000301050196,9.000000250447817,2956.1209284569604,3461.6811216370133,1.1710214857292547,10,3.999999969014533,183.99999601334758,4336.1206685215975,1.4668279050359996,190.00000301050196,9.000000250447817,2956.1209284569604,1.0,1.208818600018276
Group_C2_manikin.ply,20,10.0,3.0,13672,1292,130321,2794,0.02143936894284114,0.015479876160990712,190.00000301050196,9.000000250447817,2956.1209284569604,3461.6811216370133,1.1710214857292547,10,3.999999969014533,183.99999601334758,4336.1206685215975,1.4668279050359996,190.00000301050196,9.000000250447817,2956.1209284569604,1.0,1.208818600018276
Group_C2_manikin.ply,21,10.0,3.0,13672,1292,130321,2800,0.021485409105209446,0.016253869969040248,190.00000301050196,9.000000250447817,2956.1209284569604,3461.6811216370133,1.1710214857292547,10,3.999999969014533,183.99999601334758,4336.1206685215975,1.4668279050359996,190.00000301050196,9.000000250447817,2956.1209284569604,1.0,1.208818600018276
Group_C2_manikin.ply,22,10.0,3.0,13672,1292,130321,2880,0.022099277936786857,0.017027863777089782,190.00000301050196,9.000000250447817,2956.1209284569604,3461.6811216370133,1.1710214857292547,10,3.999999969014533,183.99999601334758,4336.1206685215975,1.4668279050359996,190.00000301050196,9.000000250447817,2956.1209284569604,1.0,1.208818600018276
Group_C2_manikin.ply,23,10.0,3.0,13672,1292,130321,2927,0.02245992587533859,0.01780185758513932,190.00000301050196,9.000000250447817,2956.1209284569604,3461.6811216370133,1.1710214857292547,10,3.999999969014533,183.99999601334758,4336.1206685215975,1.4668279050359996,190.00000301050196,9.000000250447817,2956.1209284569604,1.0,1.208818600018276
Group_C2_manikin.ply,24,10.0,3.0,13672,1292,130321,3102,0.023802763944414176,0.018575851393188854,190.00000301050196,9.000000250447817,2956.1209284569604,3461.6811216370133,1.1710214857292547,10,3.999999969014533,183.99999601334758,4336.1206685215975,1.4668279050359996,190.00000301050196,9.000000250447817,2956.1209284569604,1.0,1.208818600018276
Group_C2_manikin.ply,25,10.0,3.0,13672,1292,130321,3182,0.02441663277599159,0.01934984520123839,190.00000301050196,9.000000250447817,2956.1209284569604,3461.6811216370133,1.1710214857292547,25,185.99999834573237,6.000000166965211,4101.761116469202,1.3875484852408402,190.00000301050196,9.000000250447817,2956.1209284569604,1.0,1.208818600018276
Group_C2_manikin.ply,26,10.0,3.0,13672,1292,130321,3290,0.025245355698621096,0.020123839009287926,190.00000301050196,9.000000250447817,2956.1209284569604,3461.6811216370133,1.1710214857292547,25,185.99999834573237,6.000000166965211,4101.761116469202,1.3875484852408402,190.00000301050196,9.000000250447817,2956.1209284569604,1.0,1.208818600018276
Group_C2_manikin.ply,27,10.0,3.0,13672,1292,130321,3330,0.025552290114409803,0.02089783281733746,190.00000301050196,9.000000250447817,2956.1209284569604,3461.6811216370133,1.1710214857292547,25,185.99999834573237,6.000000166965211,4101.761116469202,1.3875484852408402,190.00000301050196,9.000000250447817,2956.1209284569604,1.0,1.208818600018276
Group_C2_manikin.ply,28,10.0,3.0,13672,1292,130321,3350,0.02570575732230416,0.021671826625386997,190.00000301050196,9.000000250447817,2956.1209284569604,3461.6811216370133,1.1710214857292547,25,185.99999834573237,6.000000166965211,4101.761116469202,1.3875484852408402,190.00000301050196,9.000000250447817,2956.1209284569604,1.0,1.208818600018276
Group_C2_manikin.ply,29,10.0,3.0,13672,1292,130321,3364,0.025813184367830203,0.02244582043343653,190.00000301050196,9.000000250447817,2956.1209284569604,3461.6811216370133,1.1710214857292547,25,185.99999834573237,6.000000166965211,4101.761116469202,1.3875484852408402,190.00000301050196,9.000000250447817,2956.1209284569604,1.0,1.208818600018276
Group_C2_manikin.ply,30,10.0,3.0,13672,1292,130321,3416,0.02621219910835552,0.02321981424148607,190.00000301050196,9.000000250447817,2956.1209284569604,3461.6811216370133,1.1710214857292547,25,185.99999834573237,6.000000166965211,4101.761116469202,1.3875484852408402,190.00000301050196,9.000000250447817,2956.1209284569604,1.0,1.208818600018276
Group_C2_manikin.ply,31,10.0,3.0,13672,1292,130321,3482,0.026718640894406887,0.023993808049535603,190.00000301050196,9.000000250447817,2956.1209284569604,3461.6811216370133,1.1710214857292547,25,185.99999834573237,6.000000166965211,4101.761116469202,1.3875484852408402,190.00000301050196,9.000000250447817,2956.1209284569604,1.0,1.208818600018276
Group_C2_manikin.ply,32,10.0,3.0,13672,1292,130321,3494,0.0268107212191435,0.02476780185758514,190.00000301050196,9.000000250447817,2956.1209284569604,3461.6811216370133,1.1710214857292547,25,185.99999834573237,6.000000166965211,4101.761116469202,1.3875484852408402,190.00000301050196,9.000000250447817,2956.1209284569604,1.0,1.208818600018276
Group_C2_manikin.ply,33,10.0,3.0,13672,1292,130321,3616,0.027746871187299054,0.025541795665634675,190.00000301050196,9.000000250447817,2956.1209284569604,3461.6811216370133,1.1710214857292547,25,185.99999834573237,6.000000166965211,4101.761116469202,1.3875484852408402,190.00000301050196,9.000000250447817,2956.1209284569604,1.0,1.208818600018276
Group_C2_manikin.ply,34,10.0,3.0,13672,1292,130321,3655,0.028046132242693044,0.02631578947368421,190.00000301050196,9.000000250447817,2956.1209284569604,3461.6811216370133,1.1710214857292547,25,185.99999834573237,6.000000166965211,4101.761116469202,1.3875484852408402,190.00000301050196,9.000000250447817,2956.1209284569604,1.0,1.208818600018276
Group_C2_manikin.ply,35,10.0,3.0,13672,1292,130321,3835,0.029427337113742222,0.027089783281733747,190.00000301050196,9.000000250447817,2956.1209284569604,3461.6811216370133,1.1710214857292547,25,185.99999834573237,6.000000166965211,4101.761116469202,1.3875484852408402,190.00000301050196,9.000000250447817,2956.1209284569604,1.0,1.208818600018276
Group_C2_manikin.ply,36,10.0,3.0,13672,1292,130321,3839,0.02945803055532109,0.02786377708978328,190.00000301050196,9.000000250447817,2956.1209284569604,3461.6811216370133,1.1710214857292547,25,185.99999834573237,6.000000166965211,4101.761116469202,1.3875484852408402,190.00000301050196,9.000000250447817,2956.1209284569604,1.0,1.208818600018276
Group_C2_manikin.ply,37,10.0,3.0,13672,1292,130321,3858,0.02960382440282073,0.02863777089783282,190.00000301050196,9.000000250447817,2956.1209284569604,3461.6811216370133,1.1710214857292547,25,185.99999834573237,6.000000166965211,4101.761116469202,1.3875484852408402,190.00000301050196,9.000000250447817,2956.1209284569604,1.0,1.208818600018276
Group_C2_manikin.ply,38,10.0,3.0,13672,1292,130321,3971,0.030470914127423823,0.029411764705882353,190.00000301050196,9.000000250447817,2956.1209284569604,3461.6811216370133,1.1710214857292547,25,185.99999834573237,6.000000166965211,4101.761116469202,1.3875484852408402,190.00000301050196,9.000000250447817,2956.1209284569604,1.0,1.208818600018276
Group_C2_manikin.ply,39,10.0,3.0,13672,1292,130321,4037,0.03097735591347519,0.03018575851393189,190.00000301050196,9.000000250447817,2956.1209284569604,3461.6811216370133,1.1710214857292547,25,185.99999834573237,6.000000166965211,4101.761116469202,1.3875484852408402,190.00000301050196,9.000000250447817,2956.1209284569604,1.0,1.208818600018276
Group_C2_manikin.ply,40,10.0,3.0,13672,1292,130321,4058,0.03113849648176426,0.030959752321981424,190.00000301050196,9.000000250447817,2956.1209284569604,3461.6811216370133,1.1710214857292547,25,185.99999834573237,6.000000166965211,4101.761116469202,1.3875484852408402,190.00000301050196,9.000000250447817,2956.1209284569604,1.0,1.208818600018276
Group_C2_manikin.ply,41,10.0,3.0,13672,1292,130321,4331,0.03323332386952218,0.03173374613003096,190.00000301050196,9.000000250447817,2956.1209284569604,3461.6811216370133,1.1710214857292547,25,185.99999834573237,6.000000166965211,4101.761116469202,1.3875484852408402,190.00000301050196,9.000000250447817,2956.1209284569604,1.0,1.208818600018276
Group_C2_manikin.ply,42,10.0,3.0,13672,1292,130321,4772,0.03661727580359267,0.032507739938080496,190.00000301050196,9.000000250447817,2956.1209284569604,3461.6811216370133,1.1710214857292547,25,185.99999834573237,6.000000166965211,4101.761116469202,1.3875484852408402,190.00000301050196,9.000000250447817,2956.1209284569604,1.0,1.208818600018276
Group_C2_manikin.ply,43,10.0,3.0,13672,1292,130321,4818,0.03697025038174968,0.033281733746130034,190.00000301050196,9.000000250447817,2956.1209284569604,3461.6811216370133,1.1710214857292547,25,185.99999834573237,6.000000166965211,4101.761116469202,1.3875484852408402,190.00000301050196,9.000000250447817,2956.1209284569604,1.0,1.208818600018276
Group_C2_manikin.ply,44,10.0,3.0,13672,1292,130321,4843,0.03716208439161762,0.034055727554179564,190.00000301050196,9.000000250447817,2956.1209284569604,3461.6811216370133,1.1710214857292547,25,185.99999834573237,6.000000166965211,4101.761116469202,1.3875484852408402,190.00000301050196,9.000000250447817,2956.1209284569604,1.0,1.208818600018276
Group_C2_manikin.ply,45,10.0,3.0,13672,1292,130321,4907,0.03765317945687955,0.0348297213622291,190.00000301050196,9.000000250447817,2956.1209284569604,3461.6811216370133,1.1710214857292547,25,185.99999834573237,6.000000166965211,4101.761116469202,1.3875484852408402,190.00000301050196,9.000000250447817,2956.1209284569604,1.0,1.208818600018276
Group_C2_manikin.ply,46,10.0,3.0,13672,1292,130321,4999,0.03835912861319358,0.03560371517027864,190.00000301050196,9.000000250447817,2956.1209284569604,3461.6811216370133,1.1710214857292547,25,185.99999834573237,6.000000166965211,4101.761116469202,1.3875484852408402,190.00000301050196,9.000000250447817,2956.1209284569604,1.0,1.208818600018276
Group_C2_manikin.ply,47,10.0,3.0,13672,1292,130321,5237,0.04018538838713638,0.03637770897832817,190.00000301050196,9.000000250447817,2956.1209284569604,3461.6811216370133,1.1710214857292547,25,185.99999834573237,6.000000166965211,4101.761116469202,1.3875484852408402,190.00000301050196,9.000000250447817,2956.1209284569604,1.0,1.208818600018276
Group_C2_manikin.ply,48,10.0,3.0,13672,1292,130321,5257,0.04033885559503073,0.03715170278637771,190.00000301050196,9.000000250447817,2956.1209284569604,3461.6811216370133,1.1710214857292547,25,185.99999834573237,6.000000166965211,4101.761116469202,1.3875484852408402,190.00000301050196,9.000000250447817,2956.1209284569604,1.0,1.208818600018276
Group_C2_manikin.ply,49,10.0,3.0,13672,1292,130321,5326,0.04086831746226625,0.037925696594427245,190.00000301050196,9.000000250447817,2956.1209284569604,3461.6811216370133,1.1710214857292547,25,185.99999834573237,6.000000166965211,4101.761116469202,1.3875484852408402,190.00000301050196,9.000000250447817,2956.1209284569604,1.0,1.208818600018276
Group_C2_manikin.ply,50,10.0,3.0,13672,1292,130321,5372,0.04122129204042326,0.03869969040247678,190.00000301050196,9.000000250447817,2956.1209284569604,3461.6811216370133,1.1710214857292547,25,185.99999834573237,6.000000166965211,4101.761116469202,1.3875484852408402,190.00000301050196,9.000000250447817,2956.1209284569604,1.0,1.208818600018276
Group_C3_dragon_100k_1.5x.ply,1,10.0,3.0,99999,1292,130321,420,0.0032228113657814168,0.0007739938080495357,130.99999567685308,257.9999866889366,28106.973190938144,29068.174440998675,1.0341979637412693,1,210.99999334959645,259.0000083456965,37640.00017780903,1.3391694624003267,202.00000334443237,255.9999980169301,32338.725633857663,1.1505588102344602,3.5437013000191655
Group_C3_dragon_100k_1.5x.ply,2,10.0,3.0,99999,1292,130321,800,0.006138688315774127,0.0015479876160990713,130.99999567685308,257.9999866889366,28106.973190938144,29068.174440998675,1.0341979637412693,1,210.99999334959645,259.0000083456965,37640.00017780903,1.3391694624003267,202.00000334443237,255.9999980169301,32338.725633857663,1.1505588102344602,3.5437013000191655
Group_C3_dragon_100k_1.5x.ply,3,10.0,3.0,99999,1292,130321,1241,0.009522640249844614,0.0023219814241486067,130.99999567685308,257.9999866889366,28106.973190938144,29068.174440998675,1.0341979637412693,3,12.999999792575526,276.9999883560246,36067.24936114855,1.2832135682534769,3.999999969014533,281.9999873567974,31210.771276931133,1.1104280444894603,3.5437013000191655
Group_C3_dragon_100k_1.5x.ply,4,10.0,3.0,99999,1292,130321,1641,0.012591984407731679,0.0030959752321981426,130.99999567685308,257.9999866889366,28106.973190938144,29068.174440998675,1.0341979637412693,3,12.999999792575526,276.9999883560246,36067.24936114855,1.2832135682534769,3.999999969014533,281.9999873567974,31210.771276931133,1.1104280444894603,3.5437013000191655
Group_C3_dragon_100k_1.5x.ply,5,10.0,3.0,99999,1292,130321,2082,0.015975936341802166,0.003869969040247678,130.99999567685308,257.9999866889366,28106.973190938144,29068.174440998675,1.0341979637412693,3,12.999999792575526,276.9999883560246,36067.24936114855,1.2832135682534769,319.99999069097345,284.00000334956053,28870.37371800951,1.0271605384857836,3.5437013000191655
Group_C3_dragon_100k_1.5x.ply,6,10.0,3.0,99999,1292,130321,2523,0.019359888275872653,0.0046439628482972135,130.99999567685308,257.9999866889366,28106.973190938144,29068.174440998675,1.0341979637412693,6,171.00000134341394,259.0000083456965,31065.25121641553,1.1052506794445995,319.99999069097345,284.00000334956053,28870.37371800951,1.0271605384857836,3.5437013000191655
Group_C3_dragon_100k_1.5x.ply,7,10.0,3.0,99999,1292,130321,2763,0.02120149477060489,0.005417956656346749,130.99999567685308,257.9999866889366,28106.973190938144,29068.174440998675,1.0341979637412693,6,171.00000134341394,259.0000083456965,31065.25121641553,1.1052506794445995,319.99999069097345,284.00000334956053,28870.37371800951,1.0271605384857836,3.5437013000191655
Group_C3_dragon_100k_1.5x.ply,8,10.0,3.0,99999,1292,130321,2847,0.021846057043761174,0.006191950464396285,130.99999567685308,257.9999866889366,28106.973190938144,29068.174440998675,1.0341979637412693,6,171.00000134341394,259.0000083456965,31065.25121641553,1.1052506794445995,319.99999069097345,284.00000334956053,28870.37371800951,1.0271605384857836,3.5437013000191655
Group_C3_dragon_100k_1.5x.ply,9,10.0,3.0,99999,1292,130321,3247,0.024915401201648237,0.00696594427244582,130.99999567685308,257.9999866889366,28106.973190938144,29068.174440998675,1.0341979637412693,6,171.00000134341394,259.0000083456965,31065.25121641553,1.1052506794445995,319.99999069097345,284.00000334956053,28870.37371800951,1.0271605384857836,3.5437013000191655
Group_C3_dragon_100k_1.5x.ply,10,10.0,3.0,99999,1292,130321,3634,0.02788499167440397,0.007739938080495356,130.99999567685308,257.9999866889366,28106.973190938144,29068.174440998675,1.0341979637412693,6,171.00000134341394,259.0000083456965,31065.25121641553,1.1052506794445995,319.99999069097345,284.00000334956053,28870.37371800951,1.0271605384857836,3.5437013000191655
Group_C3_dragon_100k_1.5x.ply,11,10.0,3.0,99999,1292,130321,3929,0.03014863299084568,0.008513931888544891,130.99999567685308,257.9999866889366,28106.973190938144,29068.174440998675,1.0341979637412693,6,171.00000134341394,259.0000083456965,31065.25121641553,1.1052506794445995,319.99999069097345,284.00000334956053,28870.37371800951,1.0271605384857836,3.5437013000191655
Group_C3_dragon_100k_1.5x.ply,12,10.0,3.0,99999,1292,130321,4082,0.03132265713123748,0.009287925696594427,130.99999567685308,257.9999866889366,28106.973190938144,29068.174440998675,1.0341979637412693,6,171.00000134341394,259.0000083456965,31065.25121641553,1.1052506794445995,319.99999069097345,284.00000334956053,28870.37371800951,1.0271605384857836,3.5437013000191655
Group_C3_dragon_100k_1.5x.ply,13,10.0,3.0,99999,1292,130321,4491,0.03446106153267701,0.010061919504643963,130.99999567685308,257.9999866889366,28106.973190938144,29068.174440998675,1.0341979637412693,6,171.00000134341394,259.0000083456965,31065.25121641553,1.1052506794445995,319.99999069097345,284.00000334956053,28870.37371800951,1.0271605384857836,3.5437013000191655
Group_C3_dragon_100k_1.5x.ply,14,10.0,3.0,99999,1292,130321,4932,0.03784501346674749,0.010835913312693499,130.99999567685308,257.9999866889366,28106.973190938144,29068.174440998675,1.0341979637412693,6,171.00000134341394,259.0000083456965,31065.25121641553,1.1052506794445995,319.99999069097345,284.00000334956053,28870.37371800951,1.0271605384857836,3.5437013000191655
Group_C3_dragon_100k_1.5x.ply,15,10.0,3.0,99999,1292,130321,5373,0.04122896540081798,0.011609907120743035,130.99999567685308,257.9999866889366,28106.973190938144,29068.174440998675,1.0341979637412693,6,171.00000134341394,259.0000083456965,31065.25121641553,1.1052506794445995,319.99999069097345,284.00000334956053,28870.37371800951,1.0271605384857836,3.5437013000191655
Group_C3_dragon_100k_1.5x.ply,16,10.0,3.0,99999,1292,130321,5577,0.042794330921340384,0.01238390092879257,130.99999567685308,257.9999866889366,28106.973190938144,29068.174440998675,1.0341979637412693,6,171.00000134341394,259.0000083456965,31065.25121641553,1.1052506794445995,319.99999069097345,284.00000334956053,28870.37371800951,1.0271605384857836,3.5437013000191655
Group_C3_dragon_100k_1.5x.ply,17,10.0,3.0,99999,1292,130321,5667,0.04348493335686497,0.013157894736842105,130.99999567685308,257.9999866889366,28106.973190938144,29068.174440998675,1.0341979637412693,6,171.00000134341394,259.0000083456965,31065.25121641553,1.1052506794445995,319.99999069097345,284.00000334956053,28870.37371800951,1.0271605384857836,3.5437013000191655
Group_C3_dragon_100k_1.5x.ply,18,10.0,3.0,99999,1292,130321,6108,0.04686888529093546,0.01393188854489164,130.99999567685308,257.9999866889366,28106.973190938144,29068.174440998675,1.0341979637412693,18,139.99999934239548,260.0000026816997,29068.174440998675,1.0341979637412693,130.99999567685308,257.9999866889366,28106.973190938144,1.0,3.5437013000191655
Group_C3_dragon_100k_1.5x.ply,19,10.0,3.0,99999,1292,130321,6508,0.04993822944882252,0.014705882352941176,130.99999567685308,257.9999866889366,28106.973190938144,29068.174440998675,1.0341979637412693,18,139.99999934239548,260.0000026816997,29068.174440998675,1.0341979637412693,130.99999567685308,257.9999866889366,28106.973190938144,1.0,3.5437013000191655
Group_C3_dragon_100k_1.5x.ply,20,10.0,3.0,99999,1292,130321,6762,0.05188726298908081,0.015479876160990712,130.99999567685308,257.9999866889366,28106.973190938144,29068.174440998675,1.0341979637412693,18,139.99999934239548,260.0000026816997,29068.174440998675,1.0341979637412693,130.99999567685308,257.9999866889366,28106.973190938144,1.0,3.5437013000191655
Group_C3_dragon_100k_1.5x.ply,21,10.0,3.0,99999,1292,130321,7162,0.05495660714696787,0.016253869969040248,130.99999567685308,257.9999866889366,28106.973190938144,29068.174440998675,1.0341979637412693,18,139.99999934239548,260.0000026816997,29068.174440998675,1.0341979637412693,130.99999567685308,257.9999866889366,28106.973190938144,1.0,3.5437013000191655
Group_C3_dragon_100k_1.5x.ply,22,10.0,3.0,99999,1292,130321,7582,0.05817941851274929,0.017027863777089782,130.99999567685308,257.9999866889366,28106.973190938144,29068.174440998675,1.0341979637412693,18,139.99999934239548,260.0000026816997,29068.174440998675,1.0341979637412693,130.99999567685308,257.9999866889366,28106.973190938144,1.0,3.5437013000191655
Group_C3_dragon_100k_1.5x.ply,23,10.0,3.0,99999,1292,130321,7811,0.059936618043139635,0.01780185758513932,130.99999567685308,257.9999866889366,28106.973190938144,29068.174440998675,1.0341979637412693,18,139.99999934239548,260.0000026816997,29068.174440998675,1.0341979637412693,130.99999567685308,257.9999866889366,28106.973190938144,1.0,3.5437013000191655
Group_C3_dragon_100k_1.5x.ply,24,10.0,3.0,99999,1292,130321,8157,0.06259160073971194,0.018575851393188854,130.99999567685308,257.9999866889366,28106.973190938144,29068.174440998675,1.0341979637412693,18,139.99999934239548,260.0000026816997,29068.174440998675,1.0341979637412693,130.99999567685308,257.9999866889366,28106.973190938144,1.0,3.5437013000191655
Group_C3_dragon_100k_1.5x.ply,25,10.0,3.0,99999,1292,130321,8557,0.06566094489759901,0.01934984520123839,130.99999567685308,257.9999866889366,28106.973190938144,29068.174440998675,1.0341979637412693,18,139.99999934239548,260.0000026816997,29068.174440998675,1.0341979637412693,130.99999567685308,257.9999866889366,28106.973190938144,1.0,3.5437013000191655
Group_C3_dragon_100k_1.5x.ply,26,10.0,3.0,99999,1292,130321,8929,0.06851543496443398,0.020123839009287926,130.99999567685308,257.9999866889366,28106.973190938144,29068.174440998675,1.0341979637412693,18,139.99999934239548,260.0000026816997,29068.174440998675,1.0341979637412693,130.99999567685308,257.9999866889366,28106.973190938144,1.0,3.5437013000191655
Group_C3_dragon_100k_1.5x.ply,27,10.0,3.0,99999,1292,130321,9133,0.07008080048495638,0.02089783281733746,130.99999567685308,257.9999866889366,28106.973190938144,29068.174440998675,1.0341979637412693,18,139.99999934239548,260.0000026816997,29068.174440998675,1.0341979637412693,130.99999567685308,257.9999866889366,28106.973190938144,1.0,3.5437013000191655
Group_C3_dragon_100k_1.5x.ply,28,10.0,3.0,99999,1292,130321,9553,0.07330361185073779,0.021671826625386997,130.99999567685308,257.9999866889366,28106.973190938144,29068.174440998675,1.0341979637412693,18,139.99999934239548,260.0000026816997,29068.174440998675,1.0341979637412693,130.99999567685308,257.9999866889366,28106.973190938144,1.0,3.5437013000191655
Group_C3_dragon_100k_1.5x.ply,29,10.0,3.0,99999,1292,130321,9841,0.07551353964441648,0.02244582043343653,130.99999567685308,257.9999866889366,28106.973190938144,29068.174440998675,1.0341979637412693,18,139.99999934239548,260.0000026816997,29068.174440998675,1.0341979637412693,130.99999567685308,257.9999866889366,28106.973190938144,1.0,3.5437013000191655
Group_C3_dragon_100k_1.5x.ply,30,10.0,3.0,99999,1292,130321,9909,0.07603532815125728,0.02321981424148607,130.99999567685308,257.9999866889366,28106.973190938144,29068.174440998675,1.0341979637412693,18,139.99999934239548,260.0000026816997,29068.174440998675,1.0341979637412693,130.99999567685308,257.9999866889366,28106.973190938144,1.0,3.5437013000191655
Group_C3_dragon_100k_1.5x.ply,31,10.0,3.0,99999,1292,130321,10000,0.07673360394717658,0.023993808049535603,130.99999567685308,257.9999866889366,28106.973190938144,29068.174440998675,1.0341979637412693,18,139.99999934239548,260.0000026816997,29068.174440998675,1.0341979637412693,130.99999567685308,257.9999866889366,28106.973190938144,1.0,3.5437013000191655
Group_C3_dragon_100k_1.5x.ply,32,10.0,3.0,99999,1292,130321,10441,0.08011755588124707,0.02476780185758514,130.99999567685308,257.9999866889366,28106.973190938144,29068.174440998675,1.0341979637412693,18,139.99999934239548,260.0000026816997,29068.174440998675,1.0341979637412693,130.99999567685308,257.9999866889366,28106.973190938144,1.0,3.5437013000191655
Group_C3_dragon_100k_1.5x.ply,33,10.0,3.0,99999,1292,130321,10861,0.0833403672470285,0.025541795665634675,130.99999567685308,257.9999866889366,28106.973190938144,29068.174440998675,1.0341979637412693,18,139.99999934239548,260.0000026816997,29068.174440998675,1.0341979637412693,130.99999567685308,257.9999866889366,28106.973190938144,1.0,3.5437013000191655
Group_C3_dragon_100k_1.5x.ply,34,10.0,3.0,99999,1292,130321,11211,0.08602604338517968,0.02631578947368421,130.99999567685308,257.9999866889366,28106.973190938144,29068.174440998675,1.0341979637412693,18,139.99999934239548,260.0000026816997,29068.174440998675,1.0341979637412693,130.99999567685308,257.9999866889366,28106.973190938144,1.0,3.5437013000191655
Group_C3_dragon_100k_1.5x.ply,35,10.0,3.0,99999,1292,130321,11526,0.08844315190951574,0.027089783281733747,130.99999567685308,257.9999866889366,28106.973190938144,29068.174440998675,1.0341979637412693,18,139.99999934239548,260.0000026816997,29068.174440998675,1.0341979637412693,130.99999567685308,257.9999866889366,28106.973190938144,1.0,3.5437013000191655
Group_C3_dragon_100k_1.5x.ply,36,10.0,3.0,99999,1292,130321,11797,0.09052263257648421,0.02786377708978328,130.99999567685308,257.9999866889366,28106.973190938144,29068.174440998675,1.0341979637412693,18,139.99999934239548,260.0000026816997,29068.174440998675,1.0341979637412693,130.99999567685308,257.9999866889366,28106.973190938144,1.0,3.5437013000191655
Group_C3_dragon_100k_1.5x.ply,37,10.0,3.0,99999,1292,130321,11892,0.0912516018139824,0.02863777089783282,130.99999567685308,257.9999866889366,28106.973190938144,29068.174440998675,1.0341979637412693,18,139.99999934239548,260.0000026816997,29068.174440998675,1.0341979637412693,130.99999567685308,257.9999866889366,28106.973190938144,1.0,3.5437013000191655
Group_C3_dragon_100k_1.5x.ply,38,10.0,3.0,99999,1292,130321,12048,0.09244864603555836,0.029411764705882353,130.99999567685308,257.9999866889366,28106.973190938144,29068.174440998675,1.0341979637412693,18,139.99999934239548,260.0000026816997,29068.174440998675,1.0341979637412693,130.99999567685308,257.9999866889366,28106.973190938144,1.0,3.5437013000191655
Group_C3_dragon_100k_1.5x.ply,39,10.0,3.0,99999,1292,130321,12439,0.09544892994989296,0.03018575851393189,130.99999567685308,257.9999866889366,28106.973190938144,29068.174440998675,1.0341979637412693,18,139.99999934239548,260.0000026816997,29068.174440998675,1.0341979637412693,130.99999567685308,257.9999866889366,28106.973190938144,1.0,3.5437013000191655
Group_C3_dragon_100k_1.5x.ply,40,10.0,3.0,99999,1292,130321,12731,0.09768955118515052,0.030959752321981424,130.99999567685308,257.9999866889366,28106.973190938144,29068.174440998675,1.0341979637412693,18,139.99999934239548,260.0000026816997,29068.174440998675,1.0341979637412693,130.99999567685308,257.9999866889366,28106.973190938144,1.0,3.5437013000191655
Group_C3_dragon_100k_1.5x.ply,41,10.0,3.0,99999,1292,130321,12776,0.0980348524029128,0.03173374613003096,130.99999567685308,257.9999866889366,28106.973190938144,29068.174440998675,1.0341979637412693,18,139.99999934239548,260.0000026816997,29068.174440998675,1.0341979637412693,130.99999567685308,257.9999866889366,28106.973190938144,1.0,3.5437013000191655
Group_C3_dragon_100k_1.5x.ply,42,10.0,3.0,99999,1292,130321,13056,0.10018339331343375,0.032507739938080496,130.99999567685308,257.9999866889366,28106.973190938144,29068.174440998675,1.0341979637412693,18,139.99999934239548,260.0000026816997,29068.174440998675,1.0341979637412693,130.99999567685308,257.9999866889366,28106.973190938144,1.0,3.5437013000191655
Group_C3_dragon_100k_1.5x.ply,43,10.0,3.0,99999,1292,130321,13117,0.10065146829751152,0.033281733746130034,130.99999567685308,257.9999866889366,28106.973190938144,29068.174440998675,1.0341979637412693,18,139.99999934239548,260.0000026816997,29068.174440998675,1.0341979637412693,130.99999567685308,257.9999866889366,28106.973190938144,1.0,3.5437013000191655
Group_C3_dragon_100k_1.5x.ply,44,10.0,3.0,99999,1292,130321,13217,0.10141880433698329,0.034055727554179564,130.99999567685308,257.9999866889366,28106.973190938144,29068.174440998675,1.0341979637412693,18,139.99999934239548,260.0000026816997,29068.174440998675,1.0341979637412693,130.99999567685308,257.9999866889366,28106.973190938144,1.0,3.5437013000191655
Group_C3_dragon_100k_1.5x.ply,45,10.0,3.0,99999,1292,130321,13637,0.10464161570276471,0.0348297213622291,130.99999567685308,257.9999866889366,28106.973190938144,29068.174440998675,1.0341979637412693,18,139.99999934239548,260.0000026816997,29068.174440998675,1.0341979637412693,130.99999567685308,257.9999866889366,28106.973190938144,1.0,3.5437013000191655
Group_C3_dragon_100k_1.5x.ply,46,10.0,3.0,99999,1292,130321,13685,0.10500993700171116,0.03560371517027864,130.99999567685308,257.9999866889366,28106.973190938144,29068.174440998675,1.0341979637412693,18,139.99999934239548,260.0000026816997,29068.174440998675,1.0341979637412693,130.99999567685308,257.9999866889366,28106.973190938144,1.0,3.5437013000191655
Group_C3_dragon_100k_1.5x.ply,47,10.0,3.0,99999,1292,130321,14045,0.10777234674380952,0.03637770897832817,130.99999567685308,257.9999866889366,28106.973190938144,29068.174440998675,1.0341979637412693,18,139.99999934239548,260.0000026816997,29068.174440998675,1.0341979637412693,130.99999567685308,257.9999866889366,28106.973190938144,1.0,3.5437013000191655
Group_C3_dragon_100k_1.5x.ply,48,10.0,3.0,99999,1292,130321,14220,0.10911518481288511,0.03715170278637771,130.99999567685308,257.9999866889366,28106.973190938144,29068.174440998675,1.0341979637412693,18,139.99999934239548,260.0000026816997,29068.174440998675,1.0341979637412693,130.99999567685308,257.9999866889366,28106.973190938144,1.0,3.5437013000191655
Group_C3_dragon_100k_1.5x.ply,49,10.0,3.0,99999,1292,130321,14315,0.10984415405038328,0.037925696594427245,130.99999567685308,257.9999866889366,28106.973190938144,29068.174440998675,1.0341979637412693,18,139.99999934239548,260.0000026816997,29068.174440998675,1.0341979637412693,130.99999567685308,257.9999866889366,28106.973190938144,1.0,3.5437013000191655
Group_C3_dragon_100k_1.5x.ply,50,10.0,3.0,99999,1292,130321,14595,0.11199269496090423,0.03869969040247678,130.99999567685308,257.9999866889366,28106.973190938144,29068.174440998675,1.0341979637412693,18,139.99999934239548,260.0000026816997,29068.174440998675,1.0341979637412693,130.99999567685308,257.9999866889366,28106.973190938144,1.0,3.5437013000191655
Group_C4_happy_50k_0.75x.ply,1,10.0,3.0,49944,1292,130321,420,0.0032228113657814168,0.0007739938080495357,346.00000735159745,31.999999752116263,8512.6398023495,9287.07851851282,1.0909751539057924,1,113.00000200614662,294.00000135110616,19894.229479072506,2.3370223504090553,108.99999734137702,293.00000701510294,17590.475476477757,2.0663949003953817,1.6540321999927983
Group_C4_happy_50k_0.75x.ply,2,10.0,3.0,49944,1292,130321,840,0.0064456227315628336,0.0015479876160990713,346.00000735159745,31.999999752116263,8512.6398023495,9287.07851851282,1.0909751539057924,1,113.00000200614662,294.00000135110616,19894.229479072506,2.3370223504090553,307.0000096814182,260.0000026816997,17017.961533601618,1.9991403288207539,1.6540321999927983
Group_C4_happy_50k_0.75x.ply,3,10.0,3.0,49944,1292,130321,1260,0.00966843409734425,0.0023219814241486067,346.00000735159745,31.999999752116263,8512.6398023495,9287.07851851282,1.0909751539057924,3,252.99998768816374,289.0000023503334,18592.73201177928,2.184132354178508,246.0000000153845,280.9999930207942,16759.70101159466,1.9688018523900144,1.6540321999927983
Group_C4_happy_50k_0.75x.ply,4,10.0,3.0,49944,1292,130321,1459,0.011195432815893065,0.0030959752321981426,346.00000735159745,31.999999752116263,8512.6398023495,9287.07851851282,1.0909751539057924,3,252.99998768816374,289.0000023503334,18592.73201177928,2.184132354178508,246.0000000153845,280.9999930207942,16759.70101159466,1.9688018523900144,1.6540321999927983
Group_C4_happy_50k_0.75x.ply,5,10.0,3.0,49944,1292,130321,1577,0.012100889342469747,0.003869969040247678,346.00000735159745,31.999999752116263,8512.6398023495,9287.07851851282,1.0909751539057924,5,302.00001068064535,255.9999980169301,18571.71767999318,2.181663750751836,246.0000000153845,280.9999930207942,16759.70101159466,1.9688018523900144,1.6540321999927983
Group_C4_happy_50k_0.75x.ply,6,10.0,3.0,49944,1292,130321,1725,0.01323654668088796,0.0046439628482972135,346.00000735159745,31.999999752116263,8512.6398023495,9287.07851851282,1.0909751539057924,6,112.00000083995421,286.9999863575702,18559.749461402578,2.1802578157107106,246.0000000153845,280.9999930207942,16759.70101159466,1.9688018523900144,1.6540321999927983
Group_C4_happy_50k_0.75x.ply,7,10.0,3.0,49944,1292,130321,1746,0.013397687249177032,0.005417956656346749,346.00000735159745,31.999999752116263,8512.6398023495,9287.07851851282,1.0909751539057924,6,112.00000083995421,286.9999863575702,18559.749461402578,2.1802578157107106,246.0000000153845,280.9999930207942,16759.70101159466,1.9688018523900144,1.6540321999927983
Group_C4_happy_50k_0.75x.ply,8,10.0,3.0,49944,1292,130321,2146,0.016467031407064094,0.006191950464396285,346.00000735159745,31.999999752116263,8512.6398023495,9287.07851851282,1.0909751539057924,6,112.00000083995421,286.9999863575702,18559.749461402578,2.1802578157107106,246.0000000153845,280.9999930207942,16759.70101159466,1.9688018523900144,1.6540321999927983
Group_C4_happy_50k_0.75x.ply,9,10.0,3.0,49944,1292,130321,2452,0.0188150796878477,0.00696594427244582,346.00000735159745,31.999999752116263,8512.6398023495,9287.07851851282,1.0909751539057924,6,112.00000083995421,286.9999863575702,18559.749461402578,2.1802578157107106,103.99999834060421,318.000002018967,15668.512375886776,1.840617333716181,1.6540321999927983
Group_C4_happy_50k_0.75x.ply,10,10.0,3.0,49944,1292,130321,2872,0.022037891053629115,0.007739938080495356,346.00000735159745,31.999999752116263,8512.6398023495,9287.07851851282,1.0909751539057924,6,112.00000083995421,286.9999863575702,18559.749461402578,2.1802578157107106,103.99999834060421,318.000002018967,15668.512375886776,1.840617333716181,1.6540321999927983
Group_C4_happy_50k_0.75x.ply,11,10.0,3.0,49944,1292,130321,3313,0.025421842987699603,0.008513931888544891,346.00000735159745,31.999999752116263,8512.6398023495,9287.07851851282,1.0909751539057924,11,285.999992021567,77.00000100435535,17030.055857886953,2.000561077797117,275.99999402002135,78.00000217054775,14598.665158610698,1.7149398421135411,1.6540321999927983
Group_C4_happy_50k_0.75x.ply,12,10.0,3.0,49944,1292,130321,3447,0.02645007328059177,0.009287925696594427,346.00000735159745,31.999999752116263,8512.6398023495,9287.07851851282,1.0909751539057924,11,285.999992021567,77.00000100435535,17030.055857886953,2.000561077797117,275.99999402002135,78.00000217054775,14598.665158610698,1.7149398421135411,1.6540321999927983
Group_C4_happy_50k_0.75x.ply,13,10.0,3.0,49944,1292,130321,3762,0.02886718180492783,0.010061919504643963,346.00000735159745,31.999999752116263,8512.6398023495,9287.07851851282,1.0909751539057924,11,285.999992021567,77.00000100435535,17030.055857886953,2.000561077797117,275.99999402002135,78.00000217054775,14598.665158610698,1.7149398421135411,1.6540321999927983
Group_C4_happy_50k_0.75x.ply,14,10.0,3.0,49944,1292,130321,4182,0.03208999317070925,0.010835913312693499,346.00000735159745,31.999999752116263,8512.6398023495,9287.07851851282,1.0909751539057924,11,285.999992021567,77.00000100435535,17030.055857886953,2.000561077797117,275.99999402002135,78.00000217054775,14598.665158610698,1.7149398421135411,1.6540321999927983
Group_C4_happy_50k_0.75x.ply,15,10.0,3.0,49944,1292,130321,4602,0.03531280453649067,0.011609907120743035,346.00000735159745,31.999999752116263,8512.6398023495,9287.07851851282,1.0909751539057924,11,285.999992021567,77.00000100435535,17030.055857886953,2.000561077797117,275.99999402002135,78.00000217054775,14598.665158610698,1.7149398421135411,1.6540321999927983
Group_C4_happy_50k_0.75x.ply,16,10.0,3.0,49944,1292,130321,4791,0.0367630696510923,0.01238390092879257,346.00000735159745,31.999999752116263,8512.6398023495,9287.07851851282,1.0909751539057924,16,106.000000672989,318.9999963549702,16996.30879173594,1.9965967298469431,275.99999402002135,78.00000217054775,14598.665158610698,1.7149398421135411,1.6540321999927983
Group_C4_happy_50k_0.75x.ply,17,10.0,3.0,49944,1292,130321,5211,0.03998588101687372,0.013157894736842105,346.00000735159745,31.999999752116263,8512.6398023495,9287.07851851282,1.0909751539057924,16,106.000000672989,318.9999963549702,16996.30879173594,1.9965967298469431,275.99999402002135,78.00000217054775,14598.665158610698,1.7149398421135411,1.6540321999927983
Group_C4_happy_50k_0.75x.ply,18,10.0,3.0,49944,1292,130321,5488,0.04211140184621051,0.01393188854489164,346.00000735159745,31.999999752116263,8512.6398023495,9287.07851851282,1.0909751539057924,18,278.0000100127845,67.99999733881295,16898.265554885234,1.985079358135333,273.00001101201167,77.00000100435535,14202.663721131885,1.6684206134520023,1.6540321999927983
Group_C4_happy_50k_0.75x.ply,19,10.0,3.0,49944,1292,130321,5682,0.043600033762785734,0.014705882352941176,346.00000735159745,31.999999752116263,8512.6398023495,9287.07851851282,1.0909751539057924,18,278.0000100127845,67.99999733881295,16898.265554885234,1.985079358135333,273.00001101201167,77.00000100435535,14202.663721131885,1.6684206134520023,1.6540321999927983
Group_C4_happy_50k_0.75x.ply,20,10.0,3.0,49944,1292,130321,5724,0.04392231489936388,0.015479876160990712,346.00000735159745,31.999999752116263,8512.6398023495,9287.07851851282,1.0909751539057924,20,279.99999868479097,73.99999750577815,16392.05759221857,1.9256139074149878,274.0000053480149,82.00000000512816,14149.066830469557,1.6621244595083648,1.6540321999927983
Group_C4_happy_50k_0.75x.ply,21,10.0,3.0,49944,1292,130321,6144,0.0471451262651453,0.016253869969040248,346.00000735159745,31.999999752116263,8512.6398023495,9287.07851851282,1.0909751539057924,20,279.99999868479097,73.99999750577815,16392.05759221857,1.9256139074149878,274.0000053480149,82.00000000512816,14149.066830469557,1.6621244595083648,1.6540321999927983
Group_C4_happy_50k_0.75x.ply,22,10.0,3.0,49944,1292,130321,6585,0.05052907819921578,0.017027863777089782,346.00000735159745,31.999999752116263,8512.6398023495,9287.07851851282,1.0909751539057924,20,279.99999868479097,73.99999750577815,16392.05759221857,1.9256139074149878,274.0000053480149,82.00000000512816,14149.066830469557,1.6621244595083648,1.6540321999927983
Group_C4_happy_50k_0.75x.ply,23,10.0,3.0,49944,1292,130321,6791,0.05210979044052762,0.01780185758513932,346.00000735159745,31.999999752116263,8512.6398023495,9287.07851851282,1.0909751539057924,20,279.99999868479097,73.99999750577815,16392.05759221857,1.9256139074149878,274.0000053480149,82.00000000512816,14149.066830469557,1.6621244595083648,1.6540321999927983
Group_C4_happy_50k_0.75x.ply,24,10.0,3.0,49944,1292,130321,6917,0.053076633850262046,0.018575851393188854,346.00000735159745,31.999999752116263,8512.6398023495,9287.07851851282,1.0909751539057924,20,279.99999868479097,73.99999750577815,16392.05759221857,1.9256139074149878,274.0000053480149,82.00000000512816,14149.066830469557,1.6621244595083648,1.6540321999927983
Group_C4_happy_50k_0.75x.ply,25,10.0,3.0,49944,1292,130321,7092,0.05441947191933764,0.01934984520123839,346.00000735159745,31.999999752116263,8512.6398023495,9287.07851851282,1.0909751539057924,20,279.99999868479097,73.99999750577815,16392.05759221857,1.9256139074149878,274.0000053480149,82.00000000512816,14149.066830469557,1.6621244595083648,1.6540321999927983
Group_C4_happy_50k_0.75x.ply,26,10.0,3.0,49944,1292,130321,7492,0.0574888160772247,0.020123839009287926,346.00000735159745,31.999999752116263,8512.6398023495,9287.07851851282,1.0909751539057924,26,84.99999667351618,102.00000283840859,15817.862896879842,1.8581618938597744,274.0000053480149,82.00000000512816,14149.066830469557,1.6621244595083648,1.6540321999927983
Group_C4_happy_50k_0.75x.ply,27,10.0,3.0,49944,1292,130321,7581,0.05817174515235457,0.02089783281733746,346.00000735159745,31.999999752116263,8512.6398023495,9287.07851851282,1.0909751539057924,26,84.99999667351618,102.00000283840859,15817.862896879842,1.8581618938597744,274.0000053480149,82.00000000512816,14149.066830469557,1.6621244595083648,1.6540321999927983
Group_C4_happy_50k_0.75x.ply,28,10.0,3.0,49944,1292,130321,7741,0.05939948281550939,0.021671826625386997,346.00000735159745,31.999999752116263,8512.6398023495,9287.07851851282,1.0909751539057924,26,84.99999667351618,102.00000283840859,15817.862896879842,1.8581618938597744,274.0000053480149,82.00000000512816,14149.066830469557,1.6621244595083648,1.6540321999927983
Group_C4_happy_50k_0.75x.ply,29,10.0,3.0,49944,1292,130321,8182,0.06278343474957988,0.02244582043343653,346.00000735159745,31.999999752116263,8512.6398023495,9287.07851851282,1.0909751539057924,26,84.99999667351618,102.00000283840859,15817.862896879842,1.8581618938597744,274.0000053480149,82.00000000512816,14149.066830469557,1.6621244595083648,1.6540321999927983
Group_C4_happy_50k_0.75x.ply,30,10.0,3.0,49944,1292,130321,8350,0.06407255929589245,0.02321981424148607,346.00000735159745,31.999999752116263,8512.6398023495,9287.07851851282,1.0909751539057924,30,86.99999900590097,96.99999700744661,15156.020802899826,1.7804137323790845,274.0000053480149,82.00000000512816,14149.066830469557,1.6621244595083648,1.6540321999927983
Group_C4_happy_50k_0.75x.ply,31,10.0,3.0,49944,1292,130321,8750,0.06714190345377952,0.023993808049535603,346.00000735159745,31.999999752116263,8512.6398023495,9287.07851851282,1.0909751539057924,30,86.99999900590097,96.99999700744661,15156.020802899826,1.7804137323790845,274.0000053480149,82.00000000512816,14149.066830469557,1.6621244595083648,1.6540321999927983
Group_C4_happy_50k_0.75x.ply,32,10.0,3.0,49944,1292,130321,8753,0.06716492353496367,0.02476780185758514,346.00000735159745,31.999999752116263,8512.6398023495,9287.07851851282,1.0909751539057924,30,86.99999900590097,96.99999700744661,15156.020802899826,1.7804137323790845,274.0000053480149,82.00000000512816,14149.066830469557,1.6621244595083648,1.6540321999927983
Group_C4_happy_50k_0.75x.ply,33,10.0,3.0,49944,1292,130321,9173,0.07038773490074508,0.025541795665634675,346.00000735159745,31.999999752116263,8512.6398023495,9287.07851851282,1.0909751539057924,30,86.99999900590097,96.99999700744661,15156.020802899826,1.7804137323790845,274.0000053480149,82.00000000512816,14149.066830469557,1.6621244595083648,1.6540321999927983
Group_C4_happy_50k_0.75x.ply,34,10.0,3.0,49944,1292,130321,9613,0.07376401347442085,0.02631578947368421,346.00000735159745,31.999999752116263,8512.6398023495,9287.07851851282,1.0909751539057924,30,86.99999900590097,96.99999700744661,15156.020802899826,1.7804137323790845,274.0000053480149,82.00000000512816,14149.066830469557,1.6621244595083648,1.6540321999927983
Group_C4_happy_50k_0.75x.ply,35,10.0,3.0,49944,1292,130321,10033,0.07698682484020226,0.027089783281733747,346.00000735159745,31.999999752116263,8512.6398023495,9287.07851851282,1.0909751539057924,30,86.99999900590097,96.99999700744661,15156.020802899826,1.7804137323790845,274.0000053480149,82.00000000512816,14149.066830469557,1.6621244595083648,1.6540321999927983
Group_C4_happy_50k_0.75x.ply,36,10.0,3.0,49944,1292,130321,10434,0.08006384235848404,0.02786377708978328,346.00000735159745,31.999999752116263,8512.6398023495,9287.07851851282,1.0909751539057924,30,86.99999900590097,96.99999700744661,15156.020802899826,1.7804137323790845,274.0000053480149,82.00000000512816,14149.066830469557,1.6621244595083648,1.6540321999927983
Group_C4_happy_50k_0.75x.ply,37,10.0,3.0,49944,1292,130321,10581,0.08119182633650755,0.02863777089783282,346.00000735159745,31.999999752116263,8512.6398023495,9287.07851851282,1.0909751539057924,30,86.99999900590097,96.99999700744661,15156.020802899826,1.7804137323790845,274.0000053480149,82.00000000512816,14149.066830469557,1.6621244595083648,1.6540321999927983
Group_C4_happy_50k_0.75x.ply,38,10.0,3.0,49944,1292,130321,10801,0.08287996562334543,0.029411764705882353,346.00000735159745,31.999999752116263,8512.6398023495,9287.07851851282,1.0909751539057924,30,86.99999900590097,96.99999700744661,15156.020802899826,1.7804137323790845,274.0000053480149,82.00000000512816,14149.066830469557,1.6621244595083648,1.6540321999927983
Group_C4_happy_50k_0.75x.ply,39,10.0,3.0,49944,1292,130321,11079,0.08501315981307694,0.03018575851393189,346.00000735159745,31.999999752116263,8512.6398023495,9287.07851851282,1.0909751539057924,30,86.99999900590097,96.99999700744661,15156.020802899826,1.7804137323790845,274.0000053480149,82.00000000512816,14149.066830469557,1.6621244595083648,1.6540321999927983
Group_C4_happy_50k_0.75x.ply,40,10.0,3.0,49944,1292,130321,11272,0.08649411836925745,0.030959752321981424,346.00000735159745,31.999999752116263,8512.6398023495,9287.07851851282,1.0909751539057924,30,86.99999900590097,96.99999700744661,15156.020802899826,1.7804137323790845,274.0000053480149,82.00000000512816,14149.066830469557,1.6621244595083648,1.6540321999927983
Group_C4_happy_50k_0.75x.ply,41,10.0,3.0,49944,1292,130321,11274,0.08650946509004688,0.03173374613003096,346.00000735159745,31.999999752116263,8512.6398023495,9287.07851851282,1.0909751539057924,30,86.99999900590097,96.99999700744661,15156.020802899826,1.7804137323790845,274.0000053480149,82.00000000512816,14149.066830469557,1.6621244595083648,1.6540321999927983
Group_C4_happy_50k_0.75x.ply,42,10.0,3.0,49944,1292,130321,11288,0.08661689213557293,0.032507739938080496,346.00000735159745,31.999999752116263,8512.6398023495,9287.07851851282,1.0909751539057924,30,86.99999900590097,96.99999700744661,15156.020802899826,1.7804137323790845,274.0000053480149,82.00000000512816,14149.066830469557,1.6621244595083648,1.6540321999927983
Group_C4_happy_50k_0.75x.ply,43,10.0,3.0,49944,1292,130321,11464,0.08796740356504323,0.033281733746130034,346.00000735159745,31.999999752116263,8512.6398023495,9287.07851851282,1.0909751539057924,30,86.99999900590097,96.99999700744661,15156.020802899826,1.7804137323790845,274.0000053480149,82.00000000512816,14149.066830469557,1.6621244595083648,1.6540321999927983
Group_C4_happy_50k_0.75x.ply,44,10.0,3.0,49944,1292,130321,11836,0.0908218936318782,0.034055727554179564,346.00000735159745,31.999999752116263,8512.6398023495,9287.07851851282,1.0909751539057924,30,86.99999900590097,96.99999700744661,15156.020802899826,1.7804137323790845,274.0000053480149,82.00000000512816,14149.066830469557,1.6621244595083648,1.6540321999927983
Group_C4_happy_50k_0.75x.ply,45,10.0,3.0,49944,1292,130321,12262,0.09409074516002792,0.0348297213622291,346.00000735159745,31.999999752116263,8512.6398023495,9287.07851851282,1.0909751539057924,30,86.99999900590097,96.99999700744661,15156.020802899826,1.7804137323790845,274.0000053480149,82.00000000512816,14149.066830469557,1.6621244595083648,1.6540321999927983
Group_C4_happy_50k_0.75x.ply,46,10.0,3.0,49944,1292,130321,12316,0.09450510662134269,0.03560371517027864,346.00000735159745,31.999999752116263,8512.6398023495,9287.07851851282,1.0909751539057924,30,86.99999900590097,96.99999700744661,15156.020802899826,1.7804137323790845,274.0000053480149,82.00000000512816,14149.066830469557,1.6621244595083648,1.6540321999927983
Group_C4_happy_50k_0.75x.ply,47,10.0,3.0,49944,1292,130321,12439,0.09544892994989296,0.03637770897832817,346.00000735159745,31.999999752116263,8512.6398023495,9287.07851851282,1.0909751539057924,30,86.99999900590097,96.99999700744661,15156.020802899826,1.7804137323790845,274.0000053480149,82.00000000512816,14149.066830469557,1.6621244595083648,1.6540321999927983
Group_C4_happy_50k_0.75x.ply,48,10.0,3.0,49944,1292,130321,12663,0.09716776267830972,0.03715170278637771,346.00000735159745,31.999999752116263,8512.6398023495,9287.07851851282,1.0909751539057924,30,86.99999900590097,96.99999700744661,15156.020802899826,1.7804137323790845,274.0000053480149,82.00000000512816,14149.066830469557,1.6621244595083648,1.6540321999927983
Group_C4_happy_50k_0.75x.ply,49,10.0,3.0,49944,1292,130321,12779,0.09805787248409696,0.037925696594427245,346.00000735159745,31.999999752116263,8512.6398023495,9287.07851851282,1.0909751539057924,30,86.99999900590097,96.99999700744661,15156.020802899826,1.7804137323790845,274.0000053480149,82.00000000512816,14149.066830469557,1.6621244595083648,1.6540321999927983
Group_C4_happy_50k_0.75x.ply,50,10.0,3.0,49944,1292,130321,13037,0.10003759946593412,0.03869969040247678,346.00000735159745,31.999999752116263,8512.6398023495,9287.07851851282,1.0909751539057924,30,86.99999900590097,96.99999700744661,15156.020802899826,1.7804137323790845,274.0000053480149,82.00000000512816,14149.066830469557,1.6621244595083648,1.6540321999927983
Group_C5_lucy_50k.ply,1,10.0,3.0,49999,1292,130321,420,0.0032228113657814168,0.0007739938080495357,178.00000267657154,358.99998836115276,7605.40144502624,7685.68101993277,1.0105555999228721,1,357.99999402514953,176.99999468018999,9132.080826877562,1.2007361995137988,0.0,178.00000267657154,7849.361285690434,1.0320771812543488,2.062821299972711
Group_C5_lucy_50k.ply,2,10.0,3.0,49999,1292,130321,840,0.0064456227315628336,0.0015479876160990713,178.00000267657154,358.99998836115276,7605.40144502624,7685.68101993277,1.0105555999228721,1,357.99999402514953,176.99999468018999,9132.080826877562,1.2007361995137988,178.00000267657154,358.99998836115276,7605.40144502624,1.0,2.062821299972711
Group_C5_lucy_50k.ply,3,10.0,3.0,49999,1292,130321,941,0.0072206321314293165,0.0023219814241486067,178.00000267657154,358.99998836115276,7605.40144502624,7685.68101993277,1.0105555999228721,1,357.99999402514953,176.99999468018999,9132.080826877562,1.2007361995137988,178.00000267657154,358.99998836115276,7605.40144502624,1.0,2.062821299972711
Group_C5_lucy_50k.ply,4,10.0,3.0,49999,1292,130321,1004,0.007704053836296529,0.0030959752321981426,178.00000267657154,358.99998836115276,7605.40144502624,7685.68101993277,1.0105555999228721,1,357.99999402514953,176.99999468018999,9132.080826877562,1.2007361995137988,178.00000267657154,358.99998836115276,7605.40144502624,1.0,2.062821299972711
Group_C5_lucy_50k.ply,5,10.0,3.0,49999,1292,130321,1445,0.011088005770367016,0.003869969040247678,178.00000267657154,358.99998836115276,7605.40144502624,7685.68101993277,1.0105555999228721,1,357.99999402514953,176.99999468018999,9132.080826877562,1.2007361995137988,178.00000267657154,358.99998836115276,7605.40144502624,1.0,2.062821299972711
Group_C5_lucy_50k.ply,6,10.0,3.0,49999,1292,130321,1550,0.011893708611812371,0.0046439628482972135,178.00000267657154,358.99998836115276,7605.40144502624,7685.68101993277,1.0105555999228721,6,357.99999402514953,181.99999368096277,8132.801568212588,1.0693454680858767,178.00000267657154,358.99998836115276,7605.40144502624,1.0,2.062821299972711
Group_C5_lucy_50k.ply,7,10.0,3.0,49999,1292,130321,1746,0.013397687249177032,0.005417956656346749,178.00000267657154,358.99998836115276,7605.40144502624,7685.68101993277,1.0105555999228721,6,357.99999402514953,181.99999368096277,8132.801568212588,1.0693454680858767,178.00000267657154,358.99998836115276,7605.40144502624,1.0,2.062821299972711
Group_C5_lucy_50k.ply,8,10.0,3.0,49999,1292,130321,1907,0.014633098272726575,0.006191950464396285,178.00000267657154,358.99998836115276,7605.40144502624,7685.68101993277,1.0105555999228721,6,357.99999402514953,181.99999368096277,8132.801568212588,1.0693454680858767,178.00000267657154,358.99998836115276,7605.40144502624,1.0,2.062821299972711
Group_C5_lucy_50k.ply,9,10.0,3.0,49999,1292,130321,1919,0.014725178597463187,0.00696594427244582,178.00000267657154,358.99998836115276,7605.40144502624,7685.68101993277,1.0105555999228721,6,357.99999402514953,181.99999368096277,8132.801568212588,1.0693454680858767,178.00000267657154,358.99998836115276,7605.40144502624,1.0,2.062821299972711
Group_C5_lucy_50k.ply,10,10.0,3.0,49999,1292,130321,1966,0.015085826536014917,0.007739938080495356,178.00000267657154,358.99998836115276,7605.40144502624,7685.68101993277,1.0105555999228721,6,357.99999402514953,181.99999368096277,8132.801568212588,1.0693454680858767,178.00000267657154,358.99998836115276,7605.40144502624,1.0,2.062821299972711
Group_C5_lucy_50k.ply,11,10.0,3.0,49999,1292,130321,2120,0.016267524036801435,0.008513931888544891,178.00000267657154,358.99998836115276,7605.40144502624,7685.68101993277,1.0105555999228721,6,357.99999402514953,181.99999368096277,8132.801568212588,1.0693454680858767,178.00000267657154,358.99998836115276,7605.40144502624,1.0,2.062821299972711
Group_C5_lucy_50k.ply,12,10.0,3.0,49999,1292,130321,2198,0.016866046147589416,0.009287925696594427,178.00000267657154,358.99998836115276,7605.40144502624,7685.68101993277,1.0105555999228721,6,357.99999402514953,181.99999368096277,8132.801568212588,1.0693454680858767,178.00000267657154,358.99998836115276,7605.40144502624,1.0,2.062821299972711
Group_C5_lucy_50k.ply,13,10.0,3.0,49999,1292,130321,2394,0.018370024784954076,0.010061919504643963,178.00000267657154,358.99998836115276,7605.40144502624,7685.68101993277,1.0105555999228721,6,357.99999402514953,181.99999368096277,8132.801568212588,1.0693454680858767,178.00000267657154,358.99998836115276,7605.40144502624,1.0,2.062821299972711
Group_C5_lucy_50k.ply,14,10.0,3.0,49999,1292,130321,2394,0.018370024784954076,0.010835913312693499,178.00000267657154,358.99998836115276,7605.40144502624,7685.68101993277,1.0105555999228721,6,357.99999402514953,181.99999368096277,8132.801568212588,1.0693454680858767,178.00000267657154,358.99998836115276,7605.40144502624,1.0,2.062821299972711
Group_C5_lucy_50k.ply,15,10.0,3.0,49999,1292,130321,2394,0.018370024784954076,0.011609907120743035,178.00000267657154,358.99998836115276,7605.40144502624,7685.68101993277,1.0105555999228721,6,357.99999402514953,181.99999368096277,8132.801568212588,1.0693454680858767,178.00000267657154,358.99998836115276,7605.40144502624,1.0,2.062821299972711
Group_C5_lucy_50k.ply,16,10.0,3.0,49999,1292,130321,2511,0.01926780795113604,0.01238390092879257,178.00000267657154,358.99998836115276,7605.40144502624,7685.68101993277,1.0105555999228721,6,357.99999402514953,181.99999368096277,8132.801568212588,1.0693454680858767,178.00000267657154,358.99998836115276,7605.40144502624,1.0,2.062821299972711
Group_C5_lucy_50k.ply,17,10.0,3.0,49999,1292,130321,2511,0.01926780795113604,0.013157894736842105,178.00000267657154,358.99998836115276,7605.40144502624,7685.68101993277,1.0105555999228721,6,357.99999402514953,181.99999368096277,8132.801568212588,1.0693454680858767,178.00000267657154,358.99998836115276,7605.40144502624,1.0,2.062821299972711
Group_C5_lucy_50k.ply,18,10.0,3.0,49999,1292,130321,2614,0.02005816407179196,0.01393188854489164,178.00000267657154,358.99998836115276,7605.40144502624,7685.68101993277,1.0105555999228721,6,357.99999402514953,181.99999368096277,8132.801568212588,1.0693454680858767,178.00000267657154,358.99998836115276,7605.40144502624,1.0,2.062821299972711
Group_C5_lucy_50k.ply,19,10.0,3.0,49999,1292,130321,2698,0.020702726344948245,0.014705882352941176,178.00000267657154,358.99998836115276,7605.40144502624,7685.68101993277,1.0105555999228721,6,357.99999402514953,181.99999368096277,8132.801568212588,1.0693454680858767,178.00000267657154,358.99998836115276,7605.40144502624,1.0,2.062821299972711
Group_C5_lucy_50k.ply,20,10.0,3.0,49999,1292,130321,2766,0.021224514851789045,0.015479876160990712,178.00000267657154,358.99998836115276,7605.40144502624,7685.68101993277,1.0105555999228721,6,357.99999402514953,181.99999368096277,8132.801568212588,1.0693454680858767,178.00000267657154,358.99998836115276,7605.40144502624,1.0,2.062821299972711
Group_C5_lucy_50k.ply,21,10.0,3.0,49999,1292,130321,3186,0.02444732621757046,0.016253869969040248,178.00000267657154,358.99998836115276,7605.40144502624,7685.68101993277,1.0105555999228721,6,357.99999402514953,181.99999368096277,8132.801568212588,1.0693454680858767,178.00000267657154,358.99998836115276,7605.40144502624,1.0,2.062821299972711
Group_C5_lucy_50k.ply,22,10.0,3.0,49999,1292,130321,3586,0.027516670375457523,0.017027863777089782,178.00000267657154,358.99998836115276,7605.40144502624,7685.68101993277,1.0105555999228721,6,357.99999402514953,181.99999368096277,8132.801568212588,1.0693454680858767,178.00000267657154,358.99998836115276,7605.40144502624,1.0,2.062821299972711
Group_C5_lucy_50k.ply,23,10.0,3.0,49999,1292,130321,3661,0.028092172405061348,0.01780185758513932,178.00000267657154,358.99998836115276,7605.40144502624,7685.68101993277,1.0105555999228721,6,357.99999402514953,181.99999368096277,8132.801568212588,1.0693454680858767,178.00000267657154,358.99998836115276,7605.40144502624,1.0,2.062821299972711
Group_C5_lucy_50k.ply,24,10.0,3.0,49999,1292,130321,4081,0.03131498377084276,0.018575851393188854,178.00000267657154,358.99998836115276,7605.40144502624,7685.68101993277,1.0105555999228721,6,357.99999402514953,181.99999368096277,8132.801568212588,1.0693454680858767,178.00000267657154,358.99998836115276,7605.40144502624,1.0,2.062821299972711
Group_C5_lucy_50k.ply,25,10.0,3.0,49999,1292,130321,4113,0.03156053130347373,0.01934984520123839,178.00000267657154,358.99998836115276,7605.40144502624,7685.68101993277,1.0105555999228721,6,357.99999402514953,181.99999368096277,8132.801568212588,1.0693454680858767,178.00000267657154,358.99998836115276,7605.40144502624,1.0,2.062821299972711
Group_C5_lucy_50k.ply,26,10.0,3.0,49999,1292,130321,4157,0.03189815916084131,0.020123839009287926,178.00000267657154,358.99998836115276,7605.40144502624,7685.68101993277,1.0105555999228721,6,357.99999402514953,181.99999368096277,8132.801568212588,1.0693454680858767,178.00000267657154,358.99998836115276,7605.40144502624,1.0,2.062821299972711
Group_C5_lucy_50k.ply,27,10.0,3.0,49999,1292,130321,4577,0.035120970526622726,0.02089783281733746,178.00000267657154,358.99998836115276,7605.40144502624,7685.68101993277,1.0105555999228721,6,357.99999402514953,181.99999368096277,8132.801568212588,1.0693454680858767,178.00000267657154,358.99998836115276,7605.40144502624,1.0,2.062821299972711
Group_C5_lucy_50k.ply,28,10.0,3.0,49999,1292,130321,4671,0.03584226640372618,0.021671826625386997,178.00000267657154,358.99998836115276,7605.40144502624,7685.68101993277,1.0105555999228721,6,357.99999402514953,181.99999368096277,8132.801568212588,1.0693454680858767,178.00000267657154,358.99998836115276,7605.40144502624,1.0,2.062821299972711
Group_C5_lucy_50k.ply,29,10.0,3.0,49999,1292,130321,5133,0.039387358906085745,0.02244582043343653,178.00000267657154,358.99998836115276,7605.40144502624,7685.68101993277,1.0105555999228721,6,357.99999402514953,181.99999368096277,8132.801568212588,1.0693454680858767,178.00000267657154,358.99998836115276,7605.40144502624,1.0,2.062821299972711
Group_C5_lucy_50k.ply,30,10.0,3.0,49999,1292,130321,5141,0.03944874578924348,0.02321981424148607,178.00000267657154,358.99998836115276,7605.40144502624,7685.68101993277,1.0105555999228721,6,357.99999402514953,181.99999368096277,8132.801568212588,1.0693454680858767,178.00000267657154,358.99998836115276,7605.40144502624,1.0,2.062821299972711
Group_C5_lucy_50k.ply,31,10.0,3.0,49999,1292,130321,5292,0.04060742320884585,0.023993808049535603,178.00000267657154,358.99998836115276,7605.40144502624,7685.68101993277,1.0105555999228721,6,357.99999402514953,181.99999368096277,8132.801568212588,1.0693454680858767,178.00000267657154,358.99998836115276,7605.40144502624,1.0,2.062821299972711
Group_C5_lucy_50k.ply,32,10.0,3.0,49999,1292,130321,5712,0.043830234574627265,0.02476780185758514,178.00000267657154,358.99998836115276,7605.40144502624,7685.68101993277,1.0105555999228721,6,357.99999402514953,181.99999368096277,8132.801568212588,1.0693454680858767,178.00000267657154,358.99998836115276,7605.40144502624,1.0,2.062821299972711
Group_C5_lucy_50k.ply,33,10.0,3.0,49999,1292,130321,5742,0.044060435386468796,0.025541795665634675,178.00000267657154,358.99998836115276,7605.40144502624,7685.68101993277,1.0105555999228721,6,357.99999402514953,181.99999368096277,8132.801568212588,1.0693454680858767,178.00000267657154,358.99998836115276,7605.40144502624,1.0,2.062821299972711
Group_C5_lucy_50k.ply,34,10.0,3.0,49999,1292,130321,6162,0.047283246752250215,0.02631578947368421,178.00000267657154,358.99998836115276,7605.40144502624,7685.68101993277,1.0105555999228721,6,357.99999402514953,181.99999368096277,8132.801568212588,1.0693454680858767,178.00000267657154,358.99998836115276,7605.40144502624,1.0,2.062821299972711
Group_C5_lucy_50k.ply,35,10.0,3.0,49999,1292,130321,6275,0.04815033647685331,0.027089783281733747,178.00000267657154,358.99998836115276,7605.40144502624,7685.68101993277,1.0105555999228721,6,357.99999402514953,181.99999368096277,8132.801568212588,1.0693454680858767,178.00000267657154,358.99998836115276,7605.40144502624,1.0,2.062821299972711
Group_C5_lucy_50k.ply,36,10.0,3.0,49999,1292,130321,6363,0.04882559219158846,0.02786377708978328,178.00000267657154,358.99998836115276,7605.40144502624,7685.68101993277,1.0105555999228721,6,357.99999402514953,181.99999368096277,8132.801568212588,1.0693454680858767,178.00000267657154,358.99998836115276,7605.40144502624,1.0,2.062821299972711
Group_C5_lucy_50k.ply,37,10.0,3.0,49999,1292,130321,6783,0.05204840355736988,0.02863777089783282,178.00000267657154,358.99998836115276,7605.40144502624,7685.68101993277,1.0105555999228721,6,357.99999402514953,181.99999368096277,8132.801568212588,1.0693454680858767,178.00000267657154,358.99998836115276,7605.40144502624,1.0,2.062821299972711
Group_C5_lucy_50k.ply,38,10.0,3.0,49999,1292,130321,7224,0.05543235549144036,0.029411764705882353,178.00000267657154,358.99998836115276,7605.40144502624,7685.68101993277,1.0105555999228721,6,357.99999402514953,181.99999368096277,8132.801568212588,1.0693454680858767,178.00000267657154,358.99998836115276,7605.40144502624,1.0,2.062821299972711
Group_C5_lucy_50k.ply,39,10.0,3.0,49999,1292,130321,7245,0.055593496059729436,0.03018575851393189,178.00000267657154,358.99998836115276,7605.40144502624,7685.68101993277,1.0105555999228721,6,357.99999402514953,181.99999368096277,8132.801568212588,1.0693454680858767,178.00000267657154,358.99998836115276,7605.40144502624,1.0,2.062821299972711
Group_C5_lucy_50k.ply,40,10.0,3.0,49999,1292,130321,7452,0.05718188166143599,0.030959752321981424,178.00000267657154,358.99998836115276,7605.40144502624,7685.68101993277,1.0105555999228721,6,357.99999402514953,181.99999368096277,8132.801568212588,1.0693454680858767,178.00000267657154,358.99998836115276,7605.40144502624,1.0,2.062821299972711
Group_C5_lucy_50k.ply,41,10.0,3.0,49999,1292,130321,7562,0.05802595130485493,0.03173374613003096,178.00000267657154,358.99998836115276,7605.40144502624,7685.68101993277,1.0105555999228721,6,357.99999402514953,181.99999368096277,8132.801568212588,1.0693454680858767,178.00000267657154,358.99998836115276,7605.40144502624,1.0,2.062821299972711
Group_C5_lucy_50k.ply,42,10.0,3.0,49999,1292,130321,7630,0.05854773981169573,0.032507739938080496,178.00000267657154,358.99998836115276,7605.40144502624,7685.68101993277,1.0105555999228721,6,357.99999402514953,181.99999368096277,8132.801568212588,1.0693454680858767,178.00000267657154,358.99998836115276,7605.40144502624,1.0,2.062821299972711
Group_C5_lucy_50k.ply,43,10.0,3.0,49999,1292,130321,7731,0.05932274921156222,0.033281733746130034,178.00000267657154,358.99998836115276,7605.40144502624,7685.68101993277,1.0105555999228721,6,357.99999402514953,181.99999368096277,8132.801568212588,1.0693454680858767,178.00000267657154,358.99998836115276,7605.40144502624,1.0,2.062821299972711
Group_C5_lucy_50k.ply,44,10.0,3.0,49999,1292,130321,7799,0.05984453771840302,0.034055727554179564,178.00000267657154,358.99998836115276,7605.40144502624,7685.68101993277,1.0105555999228721,6,357.99999402514953,181.99999368096277,8132.801568212588,1.0693454680858767,178.00000267657154,358.99998836115276,7605.40144502624,1.0,2.062821299972711
Group_C5_lucy_50k.ply,45,10.0,3.0,49999,1292,130321,8240,0.0632284896524735,0.0348297213622291,178.00000267657154,358.99998836115276,7605.40144502624,7685.68101993277,1.0105555999228721,6,357.99999402514953,181.99999368096277,8132.801568212588,1.0693454680858767,178.00000267657154,358.99998836115276,7605.40144502624,1.0,2.062821299972711
Group_C5_lucy_50k.ply,46,10.0,3.0,49999,1292,130321,8240,0.0632284896524735,0.03560371517027864,178.00000267657154,358.99998836115276,7605.40144502624,7685.68101993277,1.0105555999228721,6,357.99999402514953,181.99999368096277,8132.801568212588,1.0693454680858767,178.00000267657154,358.99998836115276,7605.40144502624,1.0,2.062821299972711
Group_C5_lucy_50k.ply,47,10.0,3.0,49999,1292,130321,8702,0.06677358215483306,0.03637770897832817,178.00000267657154,358.99998836115276,7605.40144502624,7685.68101993277,1.0105555999228721,6,357.99999402514953,181.99999368096277,8132.801568212588,1.0693454680858767,178.00000267657154,358.99998836115276,7605.40144502624,1.0,2.062821299972711
Group_C5_lucy_50k.ply,48,10.0,3.0,49999,1292,130321,9078,0.0696587656632469,0.03715170278637771,178.00000267657154,358.99998836115276,7605.40144502624,7685.68101993277,1.0105555999228721,6,357.99999402514953,181.99999368096277,8132.801568212588,1.0693454680858767,178.00000267657154,358.99998836115276,7605.40144502624,1.0,2.062821299972711
Group_C5_lucy_50k.ply,49,10.0,3.0,49999,1292,130321,9498,0.07288157702902832,0.037925696594427245,178.00000267657154,358.99998836115276,7605.40144502624,7685.68101993277,1.0105555999228721,6,357.99999402514953,181.99999368096277,8132.801568212588,1.0693454680858767,178.00000267657154,358.99998836115276,7605.40144502624,1.0,2.062821299972711
Group_C5_lucy_50k.ply,50,10.0,3.0,49999,1292,130321,9603,0.07368727987047367,0.03869969040247678,178.00000267657154,358.99998836115276,7605.40144502624,7685.68101993277,1.0105555999228721,6,357.99999402514953,181.99999368096277,8132.801568212588,1.0693454680858767,178.00000267657154,358.99998836115276,7605.40144502624,1.0,2.062821299972711
