metric,count,mean,median,p80,p90,max,count_le_1_25,count_le_1_50,count_le_2_00
oracle,103,1.1335250333150466,1.0145308535961097,1.0815586389893495,1.1729102217622998,4.3135919104845195,95,100,100
untuned_J,103,4.655983026677497,1.414400439257625,2.299430956215935,4.28879866377107,125.33521048745074,40,60,75
raw_R+B,103,3.959492539412035,1.3396530367386337,2.4519066668366345,4.436759461705941,121.52280655330976,42,60,77
raw_R+P+B,103,4.655983026677497,1.414400439257625,2.299430956215935,4.28879866377107,125.33521048745074,40,60,75
B_nested,103,3.972991210397077,1.3362996231624507,2.212036355528719,3.5947363086201083,123.1627920062058,42,60,80
R+B_nested,103,4.149781464942198,1.4151499285529356,2.292151319071896,3.8058607678164416,121.52280655330976,37,61,78
R+P+B_nested,103,4.223708081322068,1.4069531598442881,2.5134863793069817,4.212942555673179,125.33521048745074,38,59,75
full7_nested,103,4.748808407154966,1.4751137545655257,2.7399112646599444,5.007242345534038,125.75176353113233,33,54,72
selected,103,3.972991210397077,1.3362996231624507,2.212036355528719,3.5947363086201083,123.1627920062058,42,60,80
