mesh,group,mesh_path,mesh_size_bytes,mesh_mtime_ns,selection_fingerprint,face_count,route,initial_candidate_source,ratio_valid,reference_optimum_yaw_deg,reference_optimum_pitch_deg,reference_optimum_vss,final_candidate_center_count,escalated,severe_escalation,trigger_reasons,final_yaw_deg,final_pitch_deg,final_support_tomo_vss,ratio_to_exhaustive_optimum,absolute_excess_support,normalized_excess_support,candidate_pool_size,router_nn_frac,router_nn_mean_deg,router_score_cv,local_window_grid_cell_count,local_window_budget_fraction,sign_resolution_raw_probe_count,sign_resolution_unique_grid_cell_count,sign_cells_already_in_local_window,corrected_total_unique_grid_cell_count,corrected_total_budget_fraction,corrected_added_unique_grid_cell_count,candidate_csv_io_wall_s,reference_grid_io_wall_s,mesh_load_or_metadata_wall_s,fresh_candidate_generation_wall_s,ranking_wall_s,routing_wall_s,seed_axis_to_grid_mapping_wall_s,cache_sign_resolution_lookup_wall_s,cache_base_verification_lookup_wall_s,cache_ave_decision_wall_s,cache_escalation_lookup_wall_s,historical_python_sftf_elapsed_s,historical_sftf_cpp_compute_ms,historical_exhaustive_tomo_cpu_dll_s,fresh_candidates_used,fresh_candidates_match_stored,fresh_candidates_max_score_delta,stored_candidate_route,fresh_route_matches_stored,cache_replay_policy_result_matches_existing_24,cache_replay_cell_count_matches_existing_24,cache_replay_matches_existing_24_record_output,physical_tomo_executed,cache_replay_selection_component_sum_s,evaluation_only_reference_io_wall_s,physical_sign_resolution_wall_s,physical_base_verification_wall_s,physical_ave_decision_wall_s,physical_escalation_verification_wall_s,physical_tomo_total_wall_s,physical_sign_unique_cell_count,physical_base_new_cell_count,physical_escalation_new_cell_count,physical_total_unique_cell_count,physical_triggered,physical_severe,physical_trigger_reasons,physical_final_candidate_center_count,physical_final_yaw_deg,physical_final_pitch_deg,physical_final_support_tomo_vss,physical_max_abs_cache_delta,physical_max_rel_cache_delta,physical_cache_validation_wall_s,physical_selection_direct_wall_s,physical_selection_direct_scope,physical_ratio_to_exhaustive_optimum,physical_absolute_excess_support,physical_normalized_excess_support,fresh_candidate_plus_physical_component_sum_s,physical_selection_component_sum_s,physical_selection_component_scope,physical_trigger_matches_cache,physical_severity_matches_cache,physical_k_matches_cache,physical_orientation_matches_cache,record_wall_s_before_checkpoint_io,checkpoint_output_io_wall_s,end_to_end_wall_s_including_checkpoint_io,cache_replay_selection_component_sum_including_checkpoint_io_s,physical_selection_component_sum_including_checkpoint_io_s,physical_selection_plus_primary_checkpoint_wall_s,checkpoint_timing_metadata_rewrite_wall_s
Group_A1_cube,A,D:\__SFTF_Projects(2026)\sftf_Mesh_Data\g5test\Group_A1_cube.stl,684,1782686141971751600,d9af6739ae5ffe219ca2884629d7e589bd22ae629846c0bd7c2fb9962f4e18b4,12,sftf,calibrated SFTF axes (up to 200),False,30.000000834826057,0.0,0.0,50,True,False,high_normalized_support;low_seed_to_local_gain,90.00000250447816,0.9999999922536332,1761.522051716639,,1761.522051716639,0.22019025646457988,1292,1.0,3.2959087510691374,0.6967784143338641,11980,0.09192685752871756,400,400,211,12169,0.09337712264331918,189,0.005086200002551777,0.0030426999983319547,0.0011269999995420221,0.14139999999679276,0.0009611999994376674,0.00022979999994277023,0.2723874999974214,0.00020869999934802763,0.00219219999780762,8.64000030560419e-05,0.007865200001106132,0.13,4.1,11.761288799985778,True,True,0.0,sftf,True,,,,True,0.2931868999985454,0.008128900000883732,0.45148170000175014,2.8100851999988663,0.00011520000043674372,6.997345399999176,10.258912299999793,400,3342,8427,12169,True,False,high_normalized_support;low_seed_to_local_gain,50,90.00000250447816,0.9999999922536332,1761.522051716639,15.51999040871624,0.008714581131350119,0.004545100000541424,10.731018200000108,"direct timer from mesh load through fresh candidate generation, ranking, routing, axis mapping, cold-batch physical TOMO sign/base/escalation, AVE decision, window construction, and final selection; excludes reference-grid I/O, stored-candidate validation, cache-delta validation, and checkpoint output",,1761.522051716639,0.22019025646457988,10.675132999993366,10.675132999993366,diagnostic sum of individually timed components; the direct selection timer is authoritative because it also captures orchestration overhead,True,True,True,True,10.792328100000304,0.0048406000023533124,10.801066999996692,0.2980275000008987,10.67997359999572,10.735858800002461,0.003782399999181507
Group_A2_sphere,A,D:\__SFTF_Projects(2026)\sftf_Mesh_Data\g5test\Group_A2_sphere.stl,148884,1782958787470104800,d9af6739ae5ffe219ca2884629d7e589bd22ae629846c0bd7c2fb9962f4e18b4,2976,sftf,calibrated SFTF axes (up to 200),True,0.0,0.0,337.92022092283264,50,True,False,high_normalized_support;low_seed_to_local_gain,180.00000500895632,0.0,337.92022092283264,1.0,0.0,0.0,1292,0.95,3.685985803936403,0.8617311207870585,6807,0.0522325642068431,400,400,196,7011,0.0537979297273655,204,0.005318399998941459,0.002521300000807969,0.004279199998563854,0.2975918999982241,0.001000299998850096,0.00010069999916595407,0.23341029999937746,0.0001241000027221162,0.0011980999988736585,0.00011049999739043415,0.005504800003109267,0.5780205999999453,27.8561,14.233300800027791,True,True,0.0,sftf,True,True,True,True,True,0.25356769999780226,0.007839699999749428,0.4997733000018343,1.9790548999990278,0.0001368000012007542,3.7765053999974043,6.255333599998266,400,2186,4425,7011,True,False,high_normalized_support;low_seed_to_local_gain,50,180.00000500895632,0.0,337.92022092283264,0.0,0.0,0.001620899998670211,6.804578000002948,"direct timer from mesh load through fresh candidate generation, ranking, routing, axis mapping, cold-batch physical TOMO sign/base/escalation, AVE decision, window construction, and final selection; excludes reference-grid I/O, stored-candidate validation, cache-delta validation, and checkpoint output",1.0,0.0,0.0,6.791852799993649,6.791852799993649,diagnostic sum of individually timed components; the direct selection timer is authoritative because it also captures orchestration overhead,True,True,True,True,6.852447000001121,0.004106400003365707,6.858984300000884,0.25767410000116797,6.795959199997014,6.808684400006314,0.004314699999667937
Group_A3_cylinder,A,D:\__SFTF_Projects(2026)\sftf_Mesh_Data\g5test\Group_A3_cylinder.stl,9684,1782686141973751800,d9af6739ae5ffe219ca2884629d7e589bd22ae629846c0bd7c2fb9962f4e18b4,192,sftf,calibrated SFTF axes (up to 200),False,30.000000834826057,0.0,0.0,50,True,False,high_normalized_support;low_seed_to_local_gain,358.99998836115276,178.99999701257477,841.9609266864367,,841.9609266864367,0.16444549349344467,1292,1.0,3.130519263837823,0.6003971318616153,5392,0.041374759248317614,400,400,183,5609,0.04303987845397135,217,0.004625199999281904,0.0028079000003344845,0.0011787000003096182,0.2449363000014273,0.0017241999994439539,0.0001343000003544148,0.5226335000006657,0.00014549999832524918,0.0012003000010736287,9.770000178832561e-05,0.00511969999934081,0.17,1.3,12.554910200007726,True,True,0.0,sftf,True,,,,True,0.539667000000918,0.007433099999616388,0.43490119999842136,1.786314000000857,0.00013100000069243833,2.632050399999571,4.853265599998849,400,2082,3127,5609,True,False,high_normalized_support;low_seed_to_local_gain,50,358.99998836115276,178.99999701257477,841.9609266864367,0.0,0.0,0.0025822000025073066,5.636101999996754,"direct timer from mesh load through fresh candidate generation, ranking, routing, axis mapping, cold-batch physical TOMO sign/base/escalation, AVE decision, window construction, and final selection; excludes reference-grid I/O, stored-candidate validation, cache-delta validation, and checkpoint output",,841.9609266864367,0.16444549349344467,5.624003600001743,5.624003600001743,diagnostic sum of individually timed components; the direct selection timer is authoritative because it also captures orchestration overhead,True,True,True,True,5.6939474000027985,0.0046608999982709065,5.701307699997415,0.544327899999189,5.6286645000000135,5.640762899995025,0.0037701000001106877
Group_A4_cone,A,D:\__SFTF_Projects(2026)\sftf_Mesh_Data\g5test\Group_A4_cone.stl,4884,1782686141974752700,d9af6739ae5ffe219ca2884629d7e589bd22ae629846c0bd7c2fb9962f4e18b4,96,uniform,first 200 farthest-point uniform axes,False,30.000000834826057,0.0,0.0,10,False,False,boundary_local_minimum;high_seed_to_local_gain,0.0,166.00000234264112,0.0,,0.0,0.0,1292,0.5,5.426791322530681,0.7929340501496853,4285,0.032880349291365164,400,400,20,4665,0.03579622624135788,380,0.004940800001349999,0.0036925000022165477,0.0011099000003014226,0.14564299999983632,0.00035209999987273477,0.00010099999781232327,0.4259334999987914,0.00014369999917107634,0.001432300003216369,3.650000144261867e-05,0.0,0.12,0.8,12.270083100011107,True,True,0.0,uniform,True,,,,True,0.43774230000417447,0.008633300003566546,0.4858624000007694,3.6142791000020225,4.199999966658652e-05,0.0,4.100141500002792,400,4265,0,4665,False,False,boundary_local_minimum;high_seed_to_local_gain,10,0.0,166.00000234264112,0.0,0.0,0.0,0.001162500000646105,4.680675499999779,"direct timer from mesh load through fresh candidate generation, ranking, routing, axis mapping, cold-batch physical TOMO sign/base/escalation, AVE decision, window construction, and final selection; excludes reference-grid I/O, stored-candidate validation, cache-delta validation, and checkpoint output",,0.0,0.0,4.673322999999073,4.673322999999073,diagnostic sum of individually timed components; the direct selection timer is authoritative because it also captures orchestration overhead,True,True,True,True,4.725746000000072,0.00520650000180467,4.733301199998095,0.44294880000597914,4.678529500000877,4.685882000001584,0.005273499999020714
Group_A5_torus,A,D:\__SFTF_Projects(2026)\sftf_Mesh_Data\g5test\Group_A5_torus.stl,115284,1782686141976257600,d9af6739ae5ffe219ca2884629d7e589bd22ae629846c0bd7c2fb9962f4e18b4,2304,uniform,first 200 farthest-point uniform axes,True,178.00000267657154,84.00000233751295,548.3602073566973,50,True,False,high_normalized_support;low_seed_to_local_gain,278.0000100127845,345.0000130155942,585.5201935965167,1.0677656506458493,37.15998623981943,0.004536131132790458,1292,0.65,5.129383139324468,0.5668704716481322,20907,0.16042694577236208,400,400,108,21199,0.16266756700761964,292,0.005218300000706222,0.0035486000015225727,0.003617300000769319,0.6233744999990449,0.00036669999826699495,0.00010639999891282059,0.4566306999986409,0.00015069999790284783,0.001497400000516791,8.879999950295314e-05,0.00747860000046785,0.45,14.2,14.263744700001553,True,True,0.0,uniform,True,True,True,True,True,0.4787034999972093,0.008766900002228795,0.49342519999845535,3.754063000000315,9.520000094198622e-05,13.847672200001398,18.095160400000168,400,4327,16472,21199,True,False,high_normalized_support;low_seed_to_local_gain,50,278.0000100127845,345.0000130155942,585.5201935965167,0.0,0.0,0.005203200002142694,19.20386950000102,"direct timer from mesh load through fresh candidate generation, ranking, routing, axis mapping, cold-batch physical TOMO sign/base/escalation, AVE decision, window construction, and final selection; excludes reference-grid I/O, stored-candidate validation, cache-delta validation, and checkpoint output",1.0677656506458493,37.15998623981943,0.004536131132790458,19.179351199996745,19.179351199996745,diagnostic sum of individually timed components; the direct selection timer is authoritative because it also captures orchestration overhead,True,True,True,True,19.25780870000017,0.005197399997996399,19.266398700001446,0.4839008999952057,19.18454859999474,19.209066899999016,0.004782200001500314
Group_B1_u_bracket,B,D:\__SFTF_Projects(2026)\sftf_Mesh_Data\g5test\Group_B1_u_bracket.stl,1484,1782686141977265600,d9af6739ae5ffe219ca2884629d7e589bd22ae629846c0bd7c2fb9962f4e18b4,28,uniform,first 200 farthest-point uniform axes,False,30.000000834826057,0.0,0.0,10,False,False,boundary_local_minimum;high_seed_to_local_gain,78.00000217054775,207.99999668120842,0.0,,0.0,0.0,1292,0.75,4.22290494384713,1.5013729598722676,4327,0.03320263042794331,400,400,21,4706,0.0361108340175413,379,0.005227900001045782,0.0040103999999701045,0.0014221999990695622,0.19616599999790196,0.000678100001096027,9.059999865712598e-05,0.43996550000156276,0.0001311999985773582,0.0015004999986558687,2.4199998733820394e-05,0.0,0.15,3.9,12.668479199986905,True,True,0.0,uniform,True,,,,True,0.4530505999973684,0.009238300001015887,0.4860895000019809,3.622205899999244,6.230000144569203e-05,0.0,4.108295400001225,400,4306,0,4706,False,False,boundary_local_minimum;high_seed_to_local_gain,10,78.00000217054775,207.99999668120842,0.0,0.0,0.0,0.0013897000026190653,4.75322949999827,"direct timer from mesh load through fresh candidate generation, ranking, routing, axis mapping, cold-batch physical TOMO sign/base/escalation, AVE decision, window construction, and final selection; excludes reference-grid I/O, stored-candidate validation, cache-delta validation, and checkpoint output",,0.0,0.0,4.746680100000958,4.746680100000958,diagnostic sum of individually timed components; the direct selection timer is authoritative because it also captures orchestration overhead,True,True,True,True,4.795632800000021,0.004917199999908917,4.802695799997309,0.4579677999972773,4.751597300000867,4.7581466999981785,0.004820899997866945
Group_B2_hook,B,D:\__SFTF_Projects(2026)\sftf_Mesh_Data\g5test\Group_B2_hook.stl,78084,1782686141977265600,d9af6739ae5ffe219ca2884629d7e589bd22ae629846c0bd7c2fb9962f4e18b4,1560,uniform,first 200 farthest-point uniform axes,True,216.0000060107476,51.999999170302104,120.27997954571542,50,True,False,high_normalized_support;low_seed_to_local_gain,188.00000067811717,48.9999990868195,128.03998244695427,1.0645161641243002,7.760002901238849,0.002327715295975779,1292,0.7,4.745781897653167,0.7167937801859358,20584,0.1579484503648683,400,400,109,20875,0.16018139823973113,291,0.005486800000653602,0.004354699998657452,0.0024531000017304905,0.7303497000029893,0.0008296000014524907,9.590000263415277e-05,0.329164499999024,0.00013770000077784061,0.0013918000004196074,7.959999857121147e-05,0.007142500002373708,0.58,15.8,13.358284499961883,True,True,0.0,uniform,True,True,True,True,True,0.35113620000629453,0.009841499999311054,0.4877357999976084,3.674419399998442,0.00013939999917056412,13.583636400002433,17.745791599998483,400,4285,16190,20875,True,False,high_normalized_support;low_seed_to_local_gain,50,188.00000067811717,48.9999990868195,128.03998244695427,0.0,0.0,0.0046689000009791926,18.837768599998526,"direct timer from mesh load through fresh candidate generation, ranking, routing, axis mapping, cold-batch physical TOMO sign/base/escalation, AVE decision, window construction, and final selection; excludes reference-grid I/O, stored-candidate validation, cache-delta validation, and checkpoint output",1.0645161641243002,7.760002901238849,0.002327715295975779,18.808823800005484,18.808823800005484,diagnostic sum of individually timed components; the direct selection timer is authoritative because it also captures orchestration overhead,True,True,True,True,18.8920564,0.005594999998720596,18.900844399999187,0.3567312000050151,18.814418800004205,18.843363599997247,0.004834600000322098
Group_B3_c_clamp,B,D:\__SFTF_Projects(2026)\sftf_Mesh_Data\g5test\Group_B3_c_clamp.stl,1484,1782686141979775600,d9af6739ae5ffe219ca2884629d7e589bd22ae629846c0bd7c2fb9962f4e18b4,28,uniform,first 200 farthest-point uniform axes,False,30.000000834826057,0.0,0.0,10,False,False,boundary_local_minimum;high_seed_to_local_gain,78.00000217054775,207.99999668120842,0.0,,0.0,0.0,1292,0.65,4.726038088310614,2.4962856688364585,4327,0.03320263042794331,400,400,21,4706,0.0361108340175413,379,0.0073024999983317684,0.0027808999984699767,0.0010579000008874573,0.19456609999906505,0.0004891999997198582,8.86999987415038e-05,0.3795024999999441,0.0002330999996047467,0.0018149999996239785,3.0499999411404133e-05,0.0,0.17,0.8,12.85978780000005,True,True,0.0,uniform,True,,,,True,0.3933002999947348,0.010083399996801745,0.4460763999995834,3.682121099998767,9.549999958835542e-05,0.0,4.12819749999835,400,4306,0,4706,False,False,boundary_local_minimum;high_seed_to_local_gain,10,78.00000217054775,207.99999668120842,0.0,0.0,0.0,0.00201520000337041,4.712978299998213,"direct timer from mesh load through fresh candidate generation, ranking, routing, axis mapping, cold-batch physical TOMO sign/base/escalation, AVE decision, window construction, and final selection; excludes reference-grid I/O, stored-candidate validation, cache-delta validation, and checkpoint output",,0.0,0.0,4.703997399996297,4.703997399996297,diagnostic sum of individually timed components; the direct selection timer is authoritative because it also captures orchestration overhead,True,True,True,True,4.764156400000502,0.0058237000012013596,4.773198599999887,0.3991239999959362,4.709821099997498,4.718801999999414,0.004527000000962289
Group_B4_pipe_elbow,B,D:\__SFTF_Projects(2026)\sftf_Mesh_Data\g5test\Group_B4_pipe_elbow.stl,120084,1782959788170059900,d9af6739ae5ffe219ca2884629d7e589bd22ae629846c0bd7c2fb9962f4e18b4,2400,uniform,first 200 farthest-point uniform axes,False,22.000000043023345,25.00000012650595,0.0,10,False,False,boundary_local_minimum;high_seed_to_local_gain,9.000000250447817,216.0000060107476,0.0,,0.0,0.0,1292,0.55,5.936345999733098,0.2693544868663231,4305,0.03303381649925952,400,400,19,4686,0.03595736680964695,381,0.006725299997924594,0.003586499999073567,0.0025625000016589183,0.6576832000027935,0.0003949999991164077,8.81000014487654e-05,0.43649830000140355,0.00013869999747839756,0.0014440000013564713,5.199999941396527e-05,0.0,1.6092670999987604,41.0773,13.931456199963577,True,False,0.0005662277304415708,uniform,True,,,,True,0.45149039999887464,0.010311799996998161,0.518642799997906,3.7238279999983206,7.540000297012739e-05,0.0,4.242470799996227,400,4286,0,4686,False,False,boundary_local_minimum;high_seed_to_local_gain,10,9.000000250447817,216.0000060107476,0.0,0.0,0.0,0.0011473999984445982,5.347311000001355,"direct timer from mesh load through fresh candidate generation, ranking, routing, axis mapping, cold-batch physical TOMO sign/base/escalation, AVE decision, window construction, and final selection; excludes reference-grid I/O, stored-candidate validation, cache-delta validation, and checkpoint output",,0.0,0.0,5.339773300005618,5.339773300005618,diagnostic sum of individually timed components; the direct selection timer is authoritative because it also captures orchestration overhead,True,True,True,True,5.394028200000321,0.006419400000595488,5.402579199999309,0.4579097999994701,5.346192700006213,5.35373040000195,0.006001499998092186
Group_B5_hollow_box,B,D:\__SFTF_Projects(2026)\sftf_Mesh_Data\g5test\Group_B5_hollow_box.stl,1284,1782686141981775800,d9af6739ae5ffe219ca2884629d7e589bd22ae629846c0bd7c2fb9962f4e18b4,24,uniform,first 200 farthest-point uniform axes,False,30.000000834826057,0.0,0.0,10,False,False,boundary_local_minimum;high_seed_to_local_gain,78.00000217054775,207.99999668120842,0.0,,0.0,0.0,1292,0.1,10.419739914121191,0.37141182010489326,4305,0.03303381649925952,400,400,20,4685,0.03594969344925223,380,0.006353199998557102,0.002706499999476364,0.0009988000019802712,0.2905333000016981,0.0002496999986760784,8.22000001790002e-05,0.44059529999867664,0.0001295000001846347,0.0013428000020212494,2.359999780310318e-05,0.0,0.21,0.9,13.271268900018185,True,True,0.0,uniform,True,,,,True,0.45248159999755444,0.009059699998033466,0.47819799999706447,3.7063194000002113,5.2600000344682485e-05,0.0,4.184517399997276,400,4285,0,4685,False,False,boundary_local_minimum;high_seed_to_local_gain,10,78.00000217054775,207.99999668120842,0.0,0.0,0.0,0.0019185999990440905,4.924693500001013,"direct timer from mesh load through fresh candidate generation, ranking, routing, axis mapping, cold-batch physical TOMO sign/base/escalation, AVE decision, window construction, and final selection; excludes reference-grid I/O, stored-candidate validation, cache-delta validation, and checkpoint output",,0.0,0.0,4.9170292999988305,4.9170292999988305,diagnostic sum of individually timed components; the direct selection timer is authoritative because it also captures orchestration overhead,True,True,True,True,4.972957199999655,0.00619889999870793,4.981726699999854,0.45868049999626237,4.9232281999975385,4.9308923999997205,0.006200700001500081
Group_C1_Bunny_69k,C,D:\__SFTF_Projects(2026)\sftf_Mesh_Data\g5test\Group_C1_Bunny_69k.ply,1323816,1782686141983773900,d9af6739ae5ffe219ca2884629d7e589bd22ae629846c0bd7c2fb9962f4e18b4,69662,sftf,calibrated SFTF axes (up to 200),True,299.000000351879,36.99999875288908,4440.337173209703,50,True,False,high_normalized_support;low_seed_to_local_gain,230.00000867706282,54.0000015026869,4505.873711641169,1.0147593608041465,65.5365384314664,0.00019868725370411443,1292,0.85,3.8164979925197295,0.2686360249642574,11264,0.0864327314860997,400,400,138,11526,0.08844315190951574,262,0.005360600000130944,0.004724700000224402,0.03761289999965811,2.230028300000413,0.0004664999978558626,0.00011440000162110664,0.3399797000020044,0.0001368000012007542,0.0012304999982006848,8.81000014487654e-05,0.005729900000005728,1.6873886999674141,247.7204,62.2313165999949,True,True,0.0,sftf,True,True,True,True,True,0.39544410000235075,0.010085300000355346,1.760967599999276,4.321773299998313,9.649999992689118e-05,10.670804800000042,16.75354569999763,400,2667,8459,11526,True,False,high_normalized_support;low_seed_to_local_gain,50,230.00000867706282,54.0000015026869,4505.873711641169,0.0,0.0,0.0026264000007358845,19.377419099997496,"direct timer from mesh load through fresh candidate generation, ranking, routing, axis mapping, cold-batch physical TOMO sign/base/escalation, AVE decision, window construction, and final selection; excludes reference-grid I/O, stored-candidate validation, cache-delta validation, and checkpoint output",1.0147593608041465,65.5365384314664,0.00019868725370411443,19.36184399999911,19.36184399999911,diagnostic sum of individually timed components; the direct selection timer is authoritative because it also captures orchestration overhead,True,True,True,True,19.427748099999008,0.005875799997738795,19.4364115999997,0.40131990000008955,19.36771979999685,19.383294899995235,0.005677799999830313
Group_C2_manikin,C,D:\__SFTF_Projects(2026)\sftf_Mesh_Data\g5test\Group_C2_manikin.ply,260521,1782686141984774100,d9af6739ae5ffe219ca2884629d7e589bd22ae629846c0bd7c2fb9962f4e18b4,13672,sftf,calibrated SFTF axes (up to 200),True,190.00000301050196,9.000000250447817,2956.1209284569604,10,False,False,low_seed_to_local_gain,190.00000301050196,9.000000250447817,2956.1209284569604,1.0,0.0,0.0,1292,0.95,3.549296139022199,0.341551649340822,2050,0.0157303888091712,400,400,51,2399,0.018408391586927662,349,0.005438200001663063,0.004422499998327112,0.006316900002275361,1.4710731000013766,0.00047619999895687215,0.00012739999874611385,0.47177649999866844,0.0001526000014564488,0.0011872999966726638,7.74000000092201e-05,0.0,1.0244518000399694,44.2999,29.344799799961038,True,True,0.0,sftf,True,True,True,True,True,0.4899749999967753,0.009860699999990175,0.7783744000007573,2.1515796999992745,0.0001064000025507994,0.0,2.9299541000000318,400,1999,0,2399,False,False,low_seed_to_local_gain,10,190.00000301050196,9.000000250447817,2956.1209284569604,0.0,0.0,0.0006615000020246953,4.884914699996443,"direct timer from mesh load through fresh candidate generation, ranking, routing, axis mapping, cold-batch physical TOMO sign/base/escalation, AVE decision, window construction, and final selection; excludes reference-grid I/O, stored-candidate validation, cache-delta validation, and checkpoint output",1.0,0.0,0.0,4.879830600002606,4.879830600002606,diagnostic sum of individually timed components; the direct selection timer is authoritative because it also captures orchestration overhead,True,True,True,True,4.927991299999121,0.006756099999620346,4.93719720000081,0.49673109999639564,4.886586700002226,4.891670799996064,0.006315499998891028
Group_C3_dragon_100k_1.5x,C,D:\__SFTF_Projects(2026)\sftf_Mesh_Data\g5test\Group_C3_dragon_100k_1.5x.ply,1900933,1782686141988290000,d9af6739ae5ffe219ca2884629d7e589bd22ae629846c0bd7c2fb9962f4e18b4,99999,sftf,calibrated SFTF axes (up to 200),True,130.99999567685308,257.9999866889366,28106.973190938144,200,True,True,high_normalized_support;boundary_local_minimum;low_seed_to_local_gain;boundary_plateau,130.99999567685308,257.9999866889366,28106.973190938144,1.0,0.0,0.0,1292,0.9,3.390903432589912,1.272627696046596,36787,0.2822799088404785,400,400,236,36951,0.2835383399452122,164,0.006586200001038378,0.004641699997591786,0.053512899998167995,4.632960499999172,0.0005101999995531514,0.00011900000026798807,0.43953920000058133,0.00013059999764664099,0.0013857000012649223,5.48999996681232e-05,0.02325159999963944,3.174526200047694,323.3228,108.3248378999997,True,True,0.0,sftf,True,True,True,True,True,0.5297319999954198,0.011227899998630164,2.515793799997482,6.879429399999935,6.410000059986487e-05,49.721826099998,59.117049299995415,400,3616,32935,36951,True,True,high_normalized_support;boundary_local_minimum;low_seed_to_local_gain;boundary_plateau,200,130.99999567685308,257.9999866889366,28106.973190938144,0.0,0.0,0.009373400000185939,64.29447939999955,"direct timer from mesh load through fresh candidate generation, ranking, routing, axis mapping, cold-batch physical TOMO sign/base/escalation, AVE decision, window construction, and final selection; excludes reference-grid I/O, stored-candidate validation, cache-delta validation, and checkpoint output",1.0,0.0,0.0,64.24375519999376,64.24375519999376,diagnostic sum of individually timed components; the direct selection timer is authoritative because it also captures orchestration overhead,True,True,True,True,64.37216400000034,0.006835100000898819,64.38341550000041,0.5365670999963186,64.25059029999466,64.30131450000044,0.005162199999176664
Group_C4_happy_50k_0.75x,C,D:\__SFTF_Projects(2026)\sftf_Mesh_Data\g5test\Group_C4_happy_50k_0.75x.ply,1048643,1782686141990803000,d9af6739ae5ffe219ca2884629d7e589bd22ae629846c0bd7c2fb9962f4e18b4,49944,sftf,calibrated SFTF axes (up to 200),True,346.00000735159745,31.999999752116263,8512.6398023495,50,True,False,high_normalized_support;low_seed_to_local_gain,274.0000053480149,82.00000000512816,14149.066830469557,1.6621244595083648,5636.427028120057,0.016114901289545493,1292,0.85,4.404764483597194,0.33226350590188625,13037,0.10003759946593412,400,400,114,13323,0.10223218053882337,286,0.006642399999691406,0.005018200001359219,0.026470400000107475,2.0745774999995774,0.00039090000063879415,0.0001362999973935075,0.3544072000004235,0.00013099999705445953,0.001307399998040637,8.69999967108015e-05,0.006316099999821745,1.5037245999556035,130.0654,61.46226050000405,True,True,0.0,sftf,True,True,True,True,True,0.4009068999912415,0.011660600001050625,1.4133861999980581,4.042182800003502,0.00010090000068885274,11.519112099998893,16.974681100000453,400,2845,10078,13323,True,False,high_normalized_support;low_seed_to_local_gain,50,274.0000053480149,82.00000000512816,14149.066830469557,0.0,0.0,0.0030512000012095086,19.448814099996525,"direct timer from mesh load through fresh candidate generation, ranking, routing, axis mapping, cold-batch physical TOMO sign/base/escalation, AVE decision, window construction, and final selection; excludes reference-grid I/O, stored-candidate validation, cache-delta validation, and checkpoint output",1.6621244595083648,5636.427028120057,0.016114901289545493,19.430764299999282,19.430764299999282,diagnostic sum of individually timed components; the direct selection timer is authoritative because it also captures orchestration overhead,True,True,True,True,19.502748200000497,0.005906999998842366,19.511462300000858,0.4068138999900839,19.436671299998125,19.454721099995368,0.006283299997448921
Group_C5_lucy_50k,C,D:\__SFTF_Projects(2026)\sftf_Mesh_Data\g5test\Group_C5_lucy_50k.ply,950261,1782686141992803400,d9af6739ae5ffe219ca2884629d7e589bd22ae629846c0bd7c2fb9962f4e18b4,49999,sftf,calibrated SFTF axes (up to 200),True,178.00000267657154,358.99998836115276,7605.40144502624,10,False,False,low_seed_to_local_gain,178.00000267657154,358.99998836115276,7605.40144502624,1.0,0.0,0.0,1292,0.85,7.2360730935304876,0.3359827470267685,1966,0.015085826536014917,400,400,44,2322,0.017817542836534403,356,0.006375000000844011,0.00526729999910458,0.025706500000524102,2.3223292000002402,0.0005260999969323166,0.00010900000052060932,0.35337349999826984,0.0001314999972237274,0.0011790000025939662,8.209999941755086e-05,0.0,1.8741692999610677,172.479,65.44527010002639,True,True,0.0,sftf,True,True,True,True,True,0.3927499999954307,0.011642299999948591,1.4243548000013107,3.04873249999946,0.00010909999764407985,0.0,4.4730873000007705,400,1922,0,2322,False,False,low_seed_to_local_gain,10,178.00000267657154,358.99998836115276,7605.40144502624,0.0,0.0,0.0006515999994007871,7.179653099999996,"direct timer from mesh load through fresh candidate generation, ranking, routing, axis mapping, cold-batch physical TOMO sign/base/escalation, AVE decision, window construction, and final selection; excludes reference-grid I/O, stored-candidate validation, cache-delta validation, and checkpoint output",1.0,0.0,0.0,7.175240699994902,7.175240699994902,diagnostic sum of individually timed components; the direct selection timer is authoritative because it also captures orchestration overhead,True,True,True,True,7.2250797000015154,0.0073052000007010065,7.234594499997911,0.4000551999961317,7.182545899995603,7.186958300000697,0.005686499996954808
Group_C6_nefertiti_100k,C,D:\__SFTF_Projects(2026)\sftf_Mesh_Data\g5test\Group_C6_nefertiti_100k.ply,1899065,1783594680165232400,d9af6739ae5ffe219ca2884629d7e589bd22ae629846c0bd7c2fb9962f4e18b4,99938,uniform,first 200 farthest-point uniform axes,True,163.0000056742531,1.9999999845072665,108607.88332361603,10,False,False,boundary_local_minimum,97.999998173639,209.99999901359323,271912.0445199427,2.5036124100654242,163304.1611963267,0.003815601927533787,1292,0.55,6.761276908955567,0.8261004478605948,4348,0.03336377099623238,400,400,23,4725,0.036256627865040934,377,0.008585499999753665,0.004784500000823755,0.05222490000232938,3.0294399999984307,0.00035709999792743474,0.00011939999967580661,0.38976410000032047,0.00014960000044084154,0.001473299998906441,2.600000152597204e-05,0.0,2.4145999000174925,340.617,193.0187208999996,True,True,0.0,uniform,True,True,True,True,True,0.45748440000170376,0.01337000000057742,2.511693699998432,8.707373799999914,6.199999916134402e-05,0.0,11.219067499998346,400,4325,0,4725,False,False,boundary_local_minimum,10,97.999998173639,209.99999901359323,271912.0445199427,1.862645149230957e-09,2.2201189642801133e-16,0.0019104000020888634,14.697293999997783,"direct timer from mesh load through fresh candidate generation, ranking, routing, axis mapping, cold-batch physical TOMO sign/base/escalation, AVE decision, window construction, and final selection; excludes reference-grid I/O, stored-candidate validation, cache-delta validation, and checkpoint output",2.5036124100654242,163304.1611963267,0.003815601927533787,14.691034999996191,14.691034999996191,diagnostic sum of individually timed components; the direct selection timer is authoritative because it also captures orchestration overhead,True,True,True,True,14.745140200000606,0.007181600001786137,14.754917700000078,0.4646660000034899,14.698216599997977,14.704475599999569,0.007960999999340856
Group_C7_liver_19k,C,D:\__SFTF_Projects(2026)\sftf_Mesh_Data\g5test\Group_C7_liver_19k.ply,407998,1783594680374745200,d9af6739ae5ffe219ca2884629d7e589bd22ae629846c0bd7c2fb9962f4e18b4,19416,uniform,first 200 farthest-point uniform axes,True,3.0000000834826057,312.000008682191,2898.9211586881274,10,False,False,boundary_local_minimum;high_seed_to_local_gain,351.0000063523703,313.0000030181942,7574.480919798543,2.6128619942276337,4675.559761110416,0.0009004621301088157,1292,0.55,7.636298122551148,0.41669559920404275,4347,0.03335609763583766,400,400,21,4726,0.036264301225435655,379,0.009630700002162484,0.005556399999477435,0.01163549999910174,1.1915213000029325,0.00038359999962267466,0.00012989999959245324,0.4824321999985841,0.00025129999994533136,0.002484199998434633,9.109999882639386e-05,0.0,1.2471653000102378,54.2748,140.31309319997672,True,True,0.0,uniform,True,True,True,True,True,0.5125948999957473,0.01518710000163992,0.9155463000024611,5.094043599998258,0.00011049999739043415,0.0,6.009589900000719,400,4326,0,4726,False,False,boundary_local_minimum;high_seed_to_local_gain,10,351.0000063523703,313.0000030181942,7574.480919798543,0.0,0.0,0.0020973999999114312,7.705319500000769,"direct timer from mesh load through fresh candidate generation, ranking, routing, axis mapping, cold-batch physical TOMO sign/base/escalation, AVE decision, window construction, and final selection; excludes reference-grid I/O, stored-candidate validation, cache-delta validation, and checkpoint output",2.6128619942276337,4675.559761110416,0.0009004621301088157,7.695802899997943,7.695802899997943,diagnostic sum of individually timed components; the direct selection timer is authoritative because it also captures orchestration overhead,True,True,True,True,7.777648100000079,0.009183500002109213,7.791019500000402,0.5217783999978565,7.7049864000000525,7.714503000002878,0.009304899998824112
Group_C8_kidney_12k,C,D:\__SFTF_Projects(2026)\sftf_Mesh_Data\g5test\Group_C8_kidney_12k.ply,260536,1783594680537890700,d9af6739ae5ffe219ca2884629d7e589bd22ae629846c0bd7c2fb9962f4e18b4,12394,sftf,calibrated SFTF axes (up to 200),True,33.99999866940647,185.99999834573237,969.2408575499353,10,False,False,low_seed_to_local_gain,30.99999858592387,183.99999601334758,1070.200781191676,1.1041639163839514,100.95992364174072,0.00030979154224906354,1292,0.9,3.657112442925137,1.7607577514495032,2369,0.018178190775086134,400,400,71,2698,0.020702726344948245,329,0.006310400000074878,0.005486800000653602,0.008155300001817523,1.230774499999825,0.0006904000001668464,0.00015029999849502929,0.34283789999972214,0.00021910000214120373,0.0013435999971989077,8.479999814881012e-05,0.0,1.4025858000386506,72.8931,98.86927879997529,True,True,0.0,sftf,True,True,True,True,True,0.36527859999841894,0.01179720000072848,0.6849304000024858,2.4348773999990954,9.230000068782829e-05,0.0,3.119807800001581,400,2298,0,2698,False,False,low_seed_to_local_gain,10,30.99999858592387,183.99999601334758,1070.200781191676,0.0,0.0,0.0006628000010096002,4.70618679999825,"direct timer from mesh load through fresh candidate generation, ranking, routing, axis mapping, cold-batch physical TOMO sign/base/escalation, AVE decision, window construction, and final selection; excludes reference-grid I/O, stored-candidate validation, cache-delta validation, and checkpoint output",1.1041639163839514,100.95992364174072,0.00030979154224906354,4.7025085000022955,4.7025085000022955,diagnostic sum of individually timed components; the direct selection timer is authoritative because it also captures orchestration overhead,True,True,True,True,4.760939399999188,0.009871800000837538,4.7752579000007245,0.3751503999992565,4.712380300003133,4.716058599999087,0.00926189999881899
Group_D10_37416,D,D:\__SFTF_Projects(2026)\sftf_Mesh_Data\g5test\Group_D10_37416.stl,601884,1782959788251053500,d9af6739ae5ffe219ca2884629d7e589bd22ae629846c0bd7c2fb9962f4e18b4,12036,sftf,calibrated SFTF axes (up to 200),True,303.0000050166486,175.00000600818353,1992.4407901842733,10,False,False,low_seed_to_local_gain,127.00000467246183,7.000000052497138,2100.600930284863,1.0542852468356594,108.16014010058962,0.0001621060322516881,1292,0.8,4.352595035955488,0.9191599259648715,2101,0.0161217301893018,400,400,55,2446,0.018769039525479394,345,0.008442800000921125,0.005596700000751298,0.015133599998080172,3.0954801000007137,0.0003809000008914154,0.00010439999823574908,0.3351460000012594,0.00014100000043981709,0.0011651999993773643,7.679999907850288e-05,0.0,6.045453499998985,73.2569,28.448350100021344,True,False,1.8391700232377999,sftf,True,True,False,False,True,0.3661873999990348,0.014039500001672423,0.7401738000007754,2.260438299999805,0.00010370000018156134,0.0,3.0006121000005805,400,2046,0,2446,False,False,low_seed_to_local_gain,10,127.00000467246183,7.000000052497138,2100.600930284863,0.0,0.0,0.0006322000008367468,6.4520985999988625,"direct timer from mesh load through fresh candidate generation, ranking, routing, axis mapping, cold-batch physical TOMO sign/base/escalation, AVE decision, window construction, and final selection; excludes reference-grid I/O, stored-candidate validation, cache-delta validation, and checkpoint output",1.0542852468356594,108.16014010058962,0.0001621060322516881,6.4469607999999425,6.4469607999999425,diagnostic sum of individually timed components; the direct selection timer is authoritative because it also captures orchestration overhead,True,True,True,True,6.497159599999577,0.006902400000399211,6.506710999998177,0.37308979999943404,6.453863200000342,6.459000999999262,0.0068382999997993466
Group_D1_37009,D,D:\__SFTF_Projects(2026)\sftf_Mesh_Data\g5test\Group_D1_37009.stl,6019188,1782686142001834400,d9af6739ae5ffe219ca2884629d7e589bd22ae629846c0bd7c2fb9962f4e18b4,23909,uniform,first 200 farthest-point uniform axes,True,139.00000500639226,180.99999934495955,277.04001827673477,10,False,False,boundary_local_minimum;high_seed_to_local_gain,137.00000267400745,178.00000267657154,377.80000774328374,1.363701930476701,100.75998946654897,0.0001836325312658092,1292,0.0,7.983486569661058,0.43360519858568075,4328,0.03321030378833803,400,400,19,4709,0.03613385409872545,381,0.006311299999651965,0.004849799999647075,0.08242059999975027,1.7338066000011167,0.0002781000002869405,0.0001109000004362315,0.3822136999988288,0.00014179999925545417,0.0016557999988435768,3.870000000461005e-05,0.0,1.37,114.5,41.49166060000425,True,True,0.0,uniform,True,True,True,True,True,0.47802069999670493,0.01116109999929904,1.04362140000012,5.003897799997503,5.530000271392055e-05,0.0,6.047519199997623,400,4309,0,4709,False,False,boundary_local_minimum;high_seed_to_local_gain,10,137.00000267400745,178.00000267657154,377.80000774328374,0.0,0.0,0.0011498999992909376,8.251926599998114,"direct timer from mesh load through fresh candidate generation, ranking, routing, axis mapping, cold-batch physical TOMO sign/base/escalation, AVE decision, window construction, and final selection; excludes reference-grid I/O, stored-candidate validation, cache-delta validation, and checkpoint output",1.363701930476701,100.75998946654897,0.0001836325312658092,8.246404400000756,8.246404400000756,diagnostic sum of individually timed components; the direct selection timer is authoritative because it also captures orchestration overhead,True,True,True,True,8.29767869999705,0.008210400003008544,8.30823539999983,0.4862310999997135,8.254614800003765,8.260137000001123,0.00660059999790974
Group_D2_37010,D,D:\__SFTF_Projects(2026)\sftf_Mesh_Data\g5test\Group_D2_37010.stl,3339278,1782686142008345400,d9af6739ae5ffe219ca2884629d7e589bd22ae629846c0bd7c2fb9962f4e18b4,13247,uniform,first 200 farthest-point uniform axes,False,41.00000000256408,24.000000667860846,0.0,10,False,False,boundary_local_minimum;high_seed_to_local_gain,9.99999970909292,216.0000060107476,0.0,,0.0,0.0,1292,0.55,5.238040383825747,0.29407537665184164,4348,0.03336377099623238,400,400,19,4729,0.03628732130661981,381,0.008513200002198573,0.004548199998680502,0.04296900000190362,1.5281747000008181,0.0003333999993628822,0.00012430000060703605,0.3974268999991182,0.00013530000069295056,0.001398299998982111,5.210000017541461e-05,0.0,1.24,63.5,31.411345800035633,True,True,0.0,uniform,True,,,,True,0.45550070000172127,0.013061400000879075,0.8468924999979208,4.469996300002094,0.00010409999958937988,0.0,5.316888800000015,400,4329,0,4729,False,False,boundary_local_minimum;high_seed_to_local_gain,10,9.99999970909292,216.0000060107476,0.0,30.99983388727287,0.006279133950267664,0.0014168000016070437,7.292364399996586,"direct timer from mesh load through fresh candidate generation, ranking, routing, axis mapping, cold-batch physical TOMO sign/base/escalation, AVE decision, window construction, and final selection; excludes reference-grid I/O, stored-candidate validation, cache-delta validation, and checkpoint output",,0.0,0.0,7.286021200001414,7.286021200001414,diagnostic sum of individually timed components; the direct selection timer is authoritative because it also captures orchestration overhead,True,True,True,True,7.349492100001953,0.008331699998961994,7.361655900000187,0.46383240000068326,7.294352900000376,7.300696099995548,0.00866880000103265
Group_D3_37011,D,D:\__SFTF_Projects(2026)\sftf_Mesh_Data\g5test\Group_D3_37011.stl,3538292,1782686142013686700,d9af6739ae5ffe219ca2884629d7e589bd22ae629846c0bd7c2fb9962f4e18b4,17288,uniform,first 200 farthest-point uniform axes,False,33.000000918308665,28.99999966863366,0.0,10,False,False,boundary_local_minimum;high_seed_to_local_gain,214.99999801436604,151.00000534032267,1.0000000378763503,,1.0000000378763503,8.672563847078764e-06,1292,0.55,6.307633776133068,0.5312539279883866,4328,0.03321030378833803,400,400,22,4706,0.0361108340175413,378,0.007448200001817895,0.005245000000286382,0.06187549999958719,1.4928121000011743,0.00034159999995608814,9.529999806545675e-05,0.4398161999997683,0.00019559999782359228,0.0020731000004161615,0.00010819999806699343,0.0,1.15,89.2,26.92042079998646,True,True,0.0,uniform,True,,,,True,0.517198699995788,0.012693200002104277,0.9044577999993635,4.8976804000012635,9.490000229561701e-05,0.0,5.802138200000627,400,4306,0,4706,False,False,boundary_local_minimum;high_seed_to_local_gain,10,214.99999801436604,151.00000534032267,1.0000000378763503,0.0,0.0,0.0011281000006420072,7.804716899998311,"direct timer from mesh load through fresh candidate generation, ranking, routing, axis mapping, cold-batch physical TOMO sign/base/escalation, AVE decision, window construction, and final selection; excludes reference-grid I/O, stored-candidate validation, cache-delta validation, and checkpoint output",,1.0000000378763503,8.672563847078764e-06,7.797173800001474,7.797173800001474,diagnostic sum of individually timed components; the direct selection timer is authoritative because it also captures orchestration overhead,True,True,True,True,7.860656500000914,0.00879730000087875,7.87331130000166,0.5259959999966668,7.805971100002353,7.81351419999919,0.008336000002600485
Group_D4_37091,D,D:\__SFTF_Projects(2026)\sftf_Mesh_Data\g5test\Group_D4_37091.stl,64807,1782686142014687900,d9af6739ae5ffe219ca2884629d7e589bd22ae629846c0bd7c2fb9962f4e18b4,256,uniform,first 200 farthest-point uniform axes,False,30.000000834826057,3.999999969014533,0.0,10,False,False,boundary_local_minimum;high_seed_to_local_gain,78.00000217054775,207.99999668120842,0.0,,0.0,0.0,1292,0.1,7.88976295179494,0.22062848926305614,4328,0.03321030378833803,400,400,19,4709,0.03613385409872545,381,0.0063579000016034115,0.0052896999986842275,0.003097200002230238,0.41728389999843785,0.00025490000189165585,9.210000280290842e-05,0.4148137999982282,0.00014349999764817767,0.0013587000030383933,2.469999890308827e-05,0.0,0.36,5.2,13.785531200002879,True,True,0.0,uniform,True,,,,True,0.4314325000050303,0.011647600000287639,0.520594900001015,3.853821099997731,5.149999924469739e-05,0.0,4.374415999998746,400,4309,0,4709,False,False,boundary_local_minimum;high_seed_to_local_gain,10,78.00000217054775,207.99999668120842,0.0,0.0,0.0,0.0012032999984512571,5.218233000003238,"direct timer from mesh load through fresh candidate generation, ranking, routing, axis mapping, cold-batch physical TOMO sign/base/escalation, AVE decision, window construction, and final selection; excludes reference-grid I/O, stored-candidate validation, cache-delta validation, and checkpoint output",,0.0,0.0,5.2100094000015815,5.2100094000015815,diagnostic sum of individually timed components; the direct selection timer is authoritative because it also captures orchestration overhead,True,True,True,True,5.263173999999708,0.007586200001242105,5.273111599999538,0.4390187000062724,5.217595600002824,5.22581920000448,0.007252799998241244
Group_D5_37095,D,D:\__SFTF_Projects(2026)\sftf_Mesh_Data\g5test\Group_D5_37095.stl,117612,1782686142015689900,d9af6739ae5ffe219ca2884629d7e589bd22ae629846c0bd7c2fb9962f4e18b4,468,uniform,first 200 farthest-point uniform axes,False,37.999999919081475,28.99999966863366,0.0,10,False,False,boundary_local_minimum;high_seed_to_local_gain,323.00000101973984,209.99999901359323,0.0,,0.0,0.0,1292,0.5,6.271852332881552,0.45261927294020926,4348,0.03336377099623238,400,400,20,4728,0.03627964794622509,380,0.007009999997535488,0.004791999999724794,0.0039041000018187333,0.5588477999990573,0.0003606999998737592,9.32000002649147e-05,0.38300339999841526,0.00015040000289445743,0.0014306000011856668,7.310000000870787e-05,0.0,0.49,6.2,14.525709199951962,True,True,0.0,uniform,True,,,,True,0.4008175000017218,0.011801999997260282,0.46261149999918416,3.9280350000008184,9.109999882639386e-05,0.0,4.390646500000003,400,4328,0,4728,False,False,boundary_local_minimum;high_seed_to_local_gain,10,323.00000101973984,209.99999901359323,0.0,0.0,0.0,0.0011643999969237484,5.342494800002896,"direct timer from mesh load through fresh candidate generation, ranking, routing, axis mapping, cold-batch physical TOMO sign/base/escalation, AVE decision, window construction, and final selection; excludes reference-grid I/O, stored-candidate validation, cache-delta validation, and checkpoint output",,0.0,0.0,5.336946799998259,5.336946799998259,diagnostic sum of individually timed components; the direct selection timer is authoritative because it also captures orchestration overhead,True,True,True,True,5.392923100000189,0.010194899998168694,5.407246500002657,0.4110123999998905,5.347141699996428,5.352689700001065,0.007971300001372583
Group_D6_37111,D,D:\__SFTF_Projects(2026)\sftf_Mesh_Data\g5test\Group_D6_37111.stl,17963616,1782686142038233500,d9af6739ae5ffe219ca2884629d7e589bd22ae629846c0bd7c2fb9962f4e18b4,88106,uniform,first 200 farthest-point uniform axes,True,154.0000020087107,149.99999734394112,6638.081113169016,50,True,False,high_normalized_support;low_seed_to_local_gain,336.0000093500518,30.000000834826057,6759.001203804962,1.018216121281805,120.9200906359456,0.00025377935908363927,1292,0.7,4.697939761000815,0.694631437847646,20721,0.1589997007389446,400,400,107,21014,0.16124799533459688,293,0.007433400001900736,0.004806500000995584,0.40378119999877526,4.192982199998369,0.0005619000003207475,0.00017010000010486692,0.38533840000309283,0.00015080000230227597,0.0015256999977282248,8.770000204094686e-05,0.00768909999897005,3.42,465.4,118.35789750004187,True,True,0.0,uniform,True,True,True,True,True,0.8115448000062315,0.01223990000289632,2.850654300000315,9.769434400001046,0.00014659999942523427,30.977084500002093,43.59717320000345,400,4288,16326,21014,True,False,high_normalized_support;low_seed_to_local_gain,50,336.0000093500518,30.000000834826057,6759.001203804962,0.0,0.0,0.00503470000330708,48.61097719999816,"direct timer from mesh load through fresh candidate generation, ranking, routing, axis mapping, cold-batch physical TOMO sign/base/escalation, AVE decision, window construction, and final selection; excludes reference-grid I/O, stored-candidate validation, cache-delta validation, and checkpoint output",1.018216121281805,120.9200906359456,0.00025377935908363927,48.58015360000354,48.58015360000354,diagnostic sum of individually timed components; the direct selection timer is authoritative because it also captures orchestration overhead,True,True,True,True,48.670380899999145,0.008094199998595286,48.68416520000028,0.8196390000048268,48.58824780000214,48.619071399996756,0.008875999999872874
Group_D7_37137,D,D:\__SFTF_Projects(2026)\sftf_Mesh_Data\g5test\Group_D7_37137.stl,13082012,1782686142054236400,d9af6739ae5ffe219ca2884629d7e589bd22ae629846c0bd7c2fb9962f4e18b4,64078,uniform,first 200 farthest-point uniform axes,True,332.9999990212855,30.000000834826057,4442.1602871792375,50,True,False,high_normalized_support;low_seed_to_local_gain,332.9999990212855,30.000000834826057,4442.1602871792375,1.0,0.0,0.0,1292,0.35,6.895767597428983,0.4315911972762525,20778,0.15943708228144352,400,400,106,21072,0.1616930502374905,294,0.0065993000025628135,0.005237199999100994,0.26851109999915934,3.5174493999984406,0.0003249000001233071,0.00011969999832217582,0.3872555000016291,0.0001940000001923181,0.0021463000011863187,0.00011749999976018444,0.010393699998530792,2.9,305.5,91.71412540000165,True,True,0.0,uniform,True,True,True,True,True,0.6808992000005674,0.011836500001663808,2.0803672000001825,8.077504299999418,0.00010309999925084412,25.944056000000273,36.101927499999874,400,4308,16364,21072,True,False,high_normalized_support;low_seed_to_local_gain,50,332.9999990212855,30.000000834826057,4442.1602871792375,0.0,0.0,0.0049732999978004955,40.302122200002486,"direct timer from mesh load through fresh candidate generation, ranking, routing, axis mapping, cold-batch physical TOMO sign/base/escalation, AVE decision, window construction, and final selection; excludes reference-grid I/O, stored-candidate validation, cache-delta validation, and checkpoint output",1.0,0.0,0.0,40.2756911999968,40.2756911999968,diagnostic sum of individually timed components; the direct selection timer is authoritative because it also captures orchestration overhead,True,True,True,True,40.3682269000019,0.009526399997412227,40.38223239999934,0.6904255999979796,40.28521759999421,40.3116485999999,0.008756899998843437
Group_D8_37402,D,D:\__SFTF_Projects(2026)\sftf_Mesh_Data\g5test\Group_D8_37402.stl,416184,1782686142056234900,d9af6739ae5ffe219ca2884629d7e589bd22ae629846c0bd7c2fb9962f4e18b4,8322,uniform,first 200 farthest-point uniform axes,True,54.999999253784715,214.00000367836282,7554.828628035616,200,True,True,high_normalized_support;boundary_local_minimum;low_seed_to_local_gain;boundary_plateau,54.999999253784715,214.00000367836282,7554.828628035616,1.0,0.0,0.0,1292,0.2,9.820630957760944,0.47328500677271007,50077,0.3842588684862762,400,400,213,50264,0.3856937868800884,187,0.00899070000014035,0.006217299996933434,0.010441500002343673,3.0641094999991765,0.00027290000070934184,0.00010459999975864775,0.341186599998764,0.00013829999807057902,0.0015203999973891769,8.590000288677402e-05,0.024651200001244433,2.43,49.7,27.638917299977038,True,True,0.0,uniform,True,True,True,True,True,0.3936093999982404,0.015207999997073784,0.6426482999995642,4.442744600000879,9.640000280342065e-05,43.44280340000114,48.52819630000158,400,4304,45560,50264,True,True,high_normalized_support;boundary_local_minimum;low_seed_to_local_gain;boundary_plateau,200,54.999999253784715,214.00000367836282,7554.828628035616,0.0,0.0,0.011359899999661138,52.013243900000816,"direct timer from mesh load through fresh candidate generation, ranking, routing, axis mapping, cold-batch physical TOMO sign/base/escalation, AVE decision, window construction, and final selection; excludes reference-grid I/O, stored-candidate validation, cache-delta validation, and checkpoint output",1.0,0.0,0.0,51.94440780000514,51.94440780000514,diagnostic sum of individually timed components; the direct selection timer is authoritative because it also captures orchestration overhead,True,True,True,True,52.098712399998476,0.00806880000163801,52.111346499998035,0.4016781999998784,51.952476600006776,52.021312700002454,0.010037699998065364
Group_D9_37415,D,D:\__SFTF_Projects(2026)\sftf_Mesh_Data\g5test\Group_D9_37415.stl,667084,1782686142058338100,d9af6739ae5ffe219ca2884629d7e589bd22ae629846c0bd7c2fb9962f4e18b4,13340,uniform,first 200 farthest-point uniform axes,True,214.99999801436604,358.99998836115276,9546.048385052642,50,True,False,high_normalized_support;low_seed_to_local_gain,214.99999801436604,358.99998836115276,9546.048385052642,1.0,0.0,0.0,1292,0.0,9.218126253954722,0.4062588181149372,20291,0.155700155769216,400,400,110,20581,0.15792543028368414,290,0.0064477000014449,0.008762199999182485,0.019414300000789808,3.678713699999207,0.00039710000055492856,0.00013729999773204327,0.4269068000030529,0.00013780000153928995,0.0015182999995886348,8.650000017951243e-05,0.007571099999040598,2.96,65.4,38.75085800001398,True,True,0.0,uniform,True,True,True,True,True,0.4713791000031051,0.015209900000627385,0.7512209000014991,4.620464900002844,0.00013899999976274557,16.524258800000098,21.89594460000444,400,4304,15877,20581,True,False,high_normalized_support;low_seed_to_local_gain,50,214.99999801436604,358.99998836115276,9546.048385052642,2.0019279038642708,0.00011064802058767961,0.004793899999640416,26.055141699998785,"direct timer from mesh load through fresh candidate generation, ranking, routing, axis mapping, cold-batch physical TOMO sign/base/escalation, AVE decision, window construction, and final selection; excludes reference-grid I/O, stored-candidate validation, cache-delta validation, and checkpoint output",1.0,0.0,0.0,26.02165280000554,26.02165280000554,diagnostic sum of individually timed components; the direct selection timer is authoritative because it also captures orchestration overhead,True,True,True,True,26.116478899999493,0.009336900002381299,26.1289274999981,0.4807160000054864,26.030989700007922,26.064478600001166,0.009009400000650203
Group_E10_65942,E,D:\__SFTF_Projects(2026)\sftf_Mesh_Data\g5test\Group_E10_65942.stl,190584583,1782686142299507100,d9af6739ae5ffe219ca2884629d7e589bd22ae629846c0bd7c2fb9962f4e18b4,754688,uniform,first 200 farthest-point uniform axes,True,156.0000043410955,219.00000267913563,571.0000587888985,10,False,False,boundary_local_minimum,333.9999933572887,318.9999963549702,1005.8801036235715,1.7616112085120645,434.88004483467296,0.0023638513662249737,1292,0.6,7.63178154331887,0.25569882480555156,4328,0.03321030378833803,400,400,20,4708,0.03612618073833074,380,0.006629299998166971,0.004877300001680851,9.385362600001827,18.274684200001502,0.0006366000015987083,0.00016589999722782522,0.2022687999997288,0.00025409999943803996,0.0026085999998031184,9.470000077271834e-05,0.0,22.11,3201.6,860.7907705000252,True,True,0.0,uniform,True,True,True,True,True,9.602897900000244,0.011506599999847822,26.69541489999756,60.65868440000122,7.48999991628807e-05,0.0,87.35409929999878,400,4308,0,4708,False,False,boundary_local_minimum,10,333.9999933572887,318.9999963549702,1005.8801036235715,0.0,0.0,0.0011760999987018295,115.22330150000198,"direct timer from mesh load through fresh candidate generation, ranking, routing, axis mapping, cold-batch physical TOMO sign/base/escalation, AVE decision, window construction, and final selection; excludes reference-grid I/O, stored-candidate validation, cache-delta validation, and checkpoint output",1.7616112085120645,434.88004483467296,0.0023638513662249737,115.21729229999983,115.21729229999983,diagnostic sum of individually timed components; the direct selection timer is authoritative because it also captures orchestration overhead,True,True,True,True,115.28824540000278,0.010866800002986565,115.30343070000163,9.61376470000323,115.22815910000281,115.23416830000497,0.011175899999216199
Group_E1_39507,E,D:\__SFTF_Projects(2026)\sftf_Mesh_Data\g5test\Group_E1_39507.stl,48476084,1782686142361176100,d9af6739ae5ffe219ca2884629d7e589bd22ae629846c0bd7c2fb9962f4e18b4,969520,uniform,first 200 farthest-point uniform axes,True,219.99999701513886,178.99999701257477,441.6001606578669,10,False,False,boundary_local_minimum,219.99999701513886,171.00000134341394,553.9201261583438,1.2543476554291781,112.31996550047688,0.0005111586232699072,1292,0.7,4.348321935200954,0.4787976935364964,4307,0.03304916322004896,400,400,21,4686,0.03595736680964695,379,0.012491100002080202,0.005343600001651794,1.231846200000291,21.086320200000046,0.0004139000011491589,0.00013330000001587905,0.4375399999989895,0.00044640000123763457,0.0029835999994247686,0.0001370999998471234,0.0,16.92,4387.6,1085.9186919999775,True,True,0.0,uniform,True,True,True,True,True,1.691335200004687,0.017834700003731996,22.865111099999922,65.90541840000151,0.0001291999979002867,0.0,88.77052950000143,400,4286,0,4686,False,False,boundary_local_minimum,10,219.99999701513886,171.00000134341394,553.9201261583438,0.0,0.0,0.0013889000001654495,111.53690180000194,"direct timer from mesh load through fresh candidate generation, ranking, routing, axis mapping, cold-batch physical TOMO sign/base/escalation, AVE decision, window construction, and final selection; excludes reference-grid I/O, stored-candidate validation, cache-delta validation, and checkpoint output",1.2543476554291781,112.31996550047688,0.0005111586232699072,111.52691229999982,111.52691229999982,diagnostic sum of individually timed components; the direct selection timer is authoritative because it also captures orchestration overhead,True,True,True,True,111.63056589999906,0.010858399997232482,111.64879160000055,1.7021936000019195,111.53777069999705,111.54776019999917,0.00896189999912167
Group_E2_45809,E,D:\__SFTF_Projects(2026)\sftf_Mesh_Data\g5test\Group_E2_45809.stl,25879534,1782003038000000000,d9af6739ae5ffe219ca2884629d7e589bd22ae629846c0bd7c2fb9962f4e18b4,517589,sftf,calibrated SFTF axes (up to 200),True,352.0000006883735,334.9999876932919,37.00000272432634,10,False,False,,183.00000167734436,178.00000267657154,39.000002559551525,1.0540540456206573,1.9999998352251822,8.39251379723936e-06,1292,0.9,3.631054505418257,0.17180012474038733,2186,0.0167739658228528,400,400,61,2525,0.019375234996662088,339,0.006739299999026116,0.004614900000888156,0.5527099999999336,12.278172400001495,0.0003961000002163928,0.00013380000018514693,0.47744650000095135,0.0001461000028939452,0.0011850999981106725,8.07999967946671e-05,0.0,9.71,1984.5,861.2644734000005,True,True,0.0,sftf,True,True,True,True,True,1.043452599999,0.011354199999914272,12.649651300002006,23.652209299998503,9.969999882741831e-05,0.0,36.30186060000051,400,2125,0,2525,False,False,,10,183.00000167734436,178.00000267657154,39.000002559551525,1.999995986784782,0.019069373197419665,0.0006218000016815495,49.614494899997226,"direct timer from mesh load through fresh candidate generation, ranking, routing, axis mapping, cold-batch physical TOMO sign/base/escalation, AVE decision, window construction, and final selection; excludes reference-grid I/O, stored-candidate validation, cache-delta validation, and checkpoint output",1.0540540456206573,1.9999998352251822,8.39251379723936e-06,49.61081910000212,49.61081910000212,diagnostic sum of individually timed components; the direct selection timer is authoritative because it also captures orchestration overhead,True,True,True,True,49.65996939999968,0.008861499998602085,49.671769600001426,1.0523140999976022,49.61968060000072,49.62335639999583,0.010375899997598026
Group_E2_790253,E,D:\__SFTF_Projects(2026)\sftf_Mesh_Data\g5test\Group_E2_790253.stl,51972684,1782962625912253800,d9af6739ae5ffe219ca2884629d7e589bd22ae629846c0bd7c2fb9962f4e18b4,1039452,uniform,first 200 farthest-point uniform axes,True,158.00000667348027,200.99999534805082,67435.0489856648,50,True,False,high_normalized_support;low_seed_to_local_gain,22.000000043023345,338.9999923580615,74583.8051238446,1.1060095046375582,7148.7561381798005,0.00286746080426262,1292,0.85,3.6791129408575935,2.490002543307715,20456,0.15696626023434443,400,400,104,20752,0.15923757491118085,296,0.007648500002687797,0.005735999999160413,1.3342804000021715,24.475742999999056,0.0004044999986945186,0.00011330000052112155,0.4033474000025308,0.0001706000002741348,0.0014830000000074506,8.549999984097667e-05,0.007348499999352498,21.164617400005227,4886.6547,1357.5348639999866,True,True,0.0,uniform,True,True,True,True,True,1.7606177000052412,0.01338450000184821,25.594432900001266,79.54445699999997,0.00010789999942062423,246.68846140000096,351.8273513000022,400,4308,16044,20752,True,False,high_normalized_support;low_seed_to_local_gain,50,22.000000043023345,338.9999923580615,74583.8051238446,140.40062459063483,0.0003603626459037097,0.0047611000009055715,378.0727539999971,"direct timer from mesh load through fresh candidate generation, ranking, routing, axis mapping, cold-batch physical TOMO sign/base/escalation, AVE decision, window construction, and final selection; excludes reference-grid I/O, stored-candidate validation, cache-delta validation, and checkpoint output",1.1060095046375582,7148.7561381798005,0.00286746080426262,378.0413478000046,378.0413478000046,diagnostic sum of individually timed components; the direct selection timer is authoritative because it also captures orchestration overhead,True,True,True,True,378.13174629999776,0.009496999999100808,378.14450630000283,1.770114700004342,378.0508448000037,378.0822509999962,0.008446300002106
Group_E3_45811,E,D:\__SFTF_Projects(2026)\sftf_Mesh_Data\g5test\Group_E3_45811.stl,51893884,1782003038000000000,d9af6739ae5ffe219ca2884629d7e589bd22ae629846c0bd7c2fb9962f4e18b4,1037876,uniform,first 200 farthest-point uniform axes,False,356.9999996891463,0.9999999922536332,0.0,10,False,False,high_seed_to_local_gain,356.9999996891463,0.9999999922536332,0.0,,0.0,0.0,1292,0.0,8.441428011615578,0.13937542697808117,4369,0.03352491156452145,400,400,21,4748,0.03643311515411944,379,0.006401500002539251,0.00501079999958165,1.2937905999970098,23.282849699997314,0.0003572000023268629,0.00019070000053034164,0.4392840000000433,0.00014989999908721074,0.001540100001875544,8.299999899463728e-05,0.0,18.69,4515.6,1536.8261300999984,True,True,0.0,uniform,True,,,,True,1.7468078000019887,0.011412300002120901,24.55623490000289,68.15439649999826,0.00010019999899668619,0.0,92.71063140000115,400,4348,0,4748,False,False,high_seed_to_local_gain,10,356.9999996891463,0.9999999922536332,0.0,0.0,0.0,0.0011967999998887535,117.73661429999993,"direct timer from mesh load through fresh candidate generation, ranking, routing, axis mapping, cold-batch physical TOMO sign/base/escalation, AVE decision, window construction, and final selection; excludes reference-grid I/O, stored-candidate validation, cache-delta validation, and checkpoint output",,0.0,0.0,117.72720379999737,117.72720379999737,diagnostic sum of individually timed components; the direct selection timer is authoritative because it also captures orchestration overhead,True,True,True,True,117.78378599999996,0.008939399998780573,117.7956282999985,1.7557472000007692,117.73614319999615,117.74555369999871,0.01032630000190693
Group_E3_931902,E,D:\__SFTF_Projects(2026)\sftf_Mesh_Data\g5test\Group_E3_931902.stl,52519984,1782962627536487500,d9af6739ae5ffe219ca2884629d7e589bd22ae629846c0bd7c2fb9962f4e18b4,1050398,uniform,first 200 farthest-point uniform axes,False,323.00000101973984,0.0,0.0,10,False,False,boundary_local_minimum;high_seed_to_local_gain,12.000000333930423,36.99999875288908,4.880000406121912,,4.880000406121912,9.347246450884188e-06,1292,0.1,8.592478643778536,0.12919677120245437,4307,0.03304916322004896,400,400,21,4686,0.03595736680964695,379,0.006936399997357512,0.004744100002426421,1.1232235000024957,26.356233799997426,0.00036589999945135787,0.00014509999891743064,0.3523581999979797,0.0001666999996814411,0.0014848999999230728,5.080000119050965e-05,0.0,23.93386140000075,6888.7083,1245.6715863000136,True,True,0.0,uniform,True,,,,True,1.4894755999994231,0.011680499999783933,25.356719300001714,74.12435209999967,6.98000003467314e-05,0.0,99.48107140000138,400,4286,0,4686,False,False,boundary_local_minimum;high_seed_to_local_gain,10,12.000000333930423,36.99999875288908,4.880000406121912,5.999872507142754,0.000778609587381683,0.001186900000902824,127.32245580000017,"direct timer from mesh load through fresh candidate generation, ranking, routing, axis mapping, cold-batch physical TOMO sign/base/escalation, AVE decision, window construction, and final selection; excludes reference-grid I/O, stored-candidate validation, cache-delta validation, and checkpoint output",,4.880000406121912,9.347246450884188e-06,127.313467699998,127.313467699998,diagnostic sum of individually timed components; the direct selection timer is authoritative because it also captures orchestration overhead,True,True,True,True,127.36867659999916,0.011143700001412071,127.38266179999846,1.5006193000008352,127.32461139999941,127.33359950000158,0.009575300002325093
Group_E4_439142,E,D:\__SFTF_Projects(2026)\sftf_Mesh_Data\g5test\Group_E4_439142.stl,51935784,1782962627289371600,d9af6739ae5ffe219ca2884629d7e589bd22ae629846c0bd7c2fb9962f4e18b4,1038714,uniform,first 200 farthest-point uniform axes,True,86.99999900590097,221.99999934752364,19892.645276282445,200,True,True,high_normalized_support;boundary_local_minimum;low_seed_to_local_gain;boundary_plateau,86.99999900590097,221.99999934752364,19892.645276282445,1.0,0.0,0.0,1292,0.55,6.930574252602116,0.1836936837334037,59099,0.45348792596741894,400,400,259,59240,0.4545698697830741,141,0.00977440000133356,0.00485090000074706,1.1170861000027799,23.189298400000553,0.000438300001405878,0.00016680000044289045,0.27808619999996154,0.0001472000003559515,0.0014534000001731329,2.670000321813859e-05,0.025302499998360872,22.583500900000217,5589.8013,1296.9955565999844,True,True,0.0,uniform,True,True,True,True,True,1.4373325000087789,0.014625300002080621,25.62741669999741,77.56533639999907,6.450000000768341e-05,754.2985535000007,857.4913065999972,400,4327,54513,59240,True,True,high_normalized_support;boundary_local_minimum;low_seed_to_local_gain;boundary_plateau,200,86.99999900590097,221.99999934752364,19892.645276282445,11.759356033704535,0.00025767251429570907,0.014451700000790879,882.2594558000019,"direct timer from mesh load through fresh candidate generation, ranking, routing, axis mapping, cold-batch physical TOMO sign/base/escalation, AVE decision, window construction, and final selection; excludes reference-grid I/O, stored-candidate validation, cache-delta validation, and checkpoint output",1.0,0.0,0.0,882.0764469000023,882.0764469000023,diagnostic sum of individually timed components; the direct selection timer is authoritative because it also captures orchestration overhead,True,True,True,True,882.3479239000008,0.011186800002178643,882.3642631000002,1.4485193000109575,882.0876337000045,882.2706426000041,0.009993899999244604
Group_E4_46012,E,D:\__SFTF_Projects(2026)\sftf_Mesh_Data\g5test\Group_E4_46012.stl,31937784,1782003038000000000,d9af6739ae5ffe219ca2884629d7e589bd22ae629846c0bd7c2fb9962f4e18b4,638754,sftf,calibrated SFTF axes (up to 200),True,137.99999701001067,1.9999999845072665,13244.542208584871,10,False,False,boundary_local_minimum;low_seed_to_local_gain,356.0000053531431,173.00000367579872,14379.831385021367,1.085717509790608,1135.2891764364958,0.0006307198279917857,1292,0.85,3.788285972093938,0.3687572967261509,2288,0.017556648583114003,400,400,74,2614,0.02005816407179196,326,0.007358099999692058,0.005313099998602411,0.7309031000004325,15.088394900001731,0.0004210999977658503,0.00014319999900180846,0.4692405999994662,0.0001336999994236976,0.0011492000012367498,5.750000127591193e-05,0.0,11.15,2583.8,1027.5679922999989,True,True,0.0,sftf,True,True,True,True,True,1.2147195999968972,0.012671199998294469,16.912379199999123,32.06565380000029,7.94000006862916e-05,0.0,48.978032999999414,400,2214,0,2614,False,False,boundary_local_minimum;low_seed_to_local_gain,10,356.0000053531431,173.00000367579872,14379.831385021367,3.879720514471046,0.0002460111890736653,0.0006916999991517514,65.27359750000323,"direct timer from mesh load through fresh candidate generation, ranking, routing, axis mapping, cold-batch physical TOMO sign/base/escalation, AVE decision, window construction, and final selection; excludes reference-grid I/O, stored-candidate validation, cache-delta validation, and checkpoint output",1.085717509790608,1135.2891764364958,0.0006307198279917857,65.2672152999985,65.2672152999985,diagnostic sum of individually timed components; the direct selection timer is authoritative because it also captures orchestration overhead,True,True,True,True,65.32455100000152,0.009930100000929087,65.33947720000288,1.2246496999978262,65.27714539999943,65.28352760000416,0.009998800000175834
Group_E5_55280,E,D:\__SFTF_Projects(2026)\sftf_Mesh_Data\g5test\Group_E5_55280.stl,45024584,1782686142531484700,d9af6739ae5ffe219ca2884629d7e589bd22ae629846c0bd7c2fb9962f4e18b4,900490,uniform,first 200 farthest-point uniform axes,True,250.9999990161573,209.99999901359323,35028.122673349935,200,True,True,high_normalized_support;boundary_local_minimum;low_seed_to_local_gain;boundary_plateau,250.9999990161573,209.99999901359323,35028.122673349935,1.0,0.0,0.0,1292,0.45,5.99196078949952,0.3744867386577359,52235,0.4008179802180769,400,400,221,52414,0.40219151172873135,179,0.010198899999522837,0.0060761999993701465,1.1527428000008513,22.583672200002184,0.0003711000026669353,0.00012870000136899762,0.5287628999976732,0.00040889999945648015,0.0030886999993526842,0.00012989999959245324,0.03092370000013034,16.78,3957.9,1235.814510199998,True,True,0.0,uniform,True,True,True,True,True,1.7328317999999854,0.016275099998892983,23.185225599998375,72.84816750000027,0.00022430000171880238,638.7245307000012,734.7579237999998,400,4285,47729,52414,True,True,high_normalized_support;boundary_local_minimum;low_seed_to_local_gain;boundary_plateau,200,250.9999990161573,209.99999901359323,35028.122673349935,0.0,0.0,0.013355900002352428,759.1385195999974,"direct timer from mesh load through fresh candidate generation, ranking, routing, axis mapping, cold-batch physical TOMO sign/base/escalation, AVE decision, window construction, and final selection; excludes reference-grid I/O, stored-candidate validation, cache-delta validation, and checkpoint output",1.0,0.0,0.0,759.0238258000063,759.0238258000063,diagnostic sum of individually timed components; the direct selection timer is authoritative because it also captures orchestration overhead,True,True,True,True,759.2446624000004,0.013164899999537738,759.2629944,1.7459966999995231,759.0369907000058,759.1516844999969,0.012893800001620548
Group_E6_59197,E,D:\__SFTF_Projects(2026)\sftf_Mesh_Data\g5test\Group_E6_59197.stl,39321684,1782686142576641700,d9af6739ae5ffe219ca2884629d7e589bd22ae629846c0bd7c2fb9962f4e18b4,786432,uniform,first 200 farthest-point uniform axes,False,0.0,0.0,0.0,10,False,False,high_seed_to_local_gain,0.0,0.0,0.0,,0.0,0.0,1292,0.65,4.38644098702508,0.10993100179244306,4327,0.03320263042794331,400,400,20,4707,0.03611850737793602,380,0.007501099997170968,0.0034392999987176154,0.8940751999980421,22.077190700001665,0.0003423000016482547,0.0001114999977289699,0.4870221999990463,0.00014020000162418,0.0014459000012720935,8.149999848683365e-05,0.0,17.5,4119.5,780.95195040002,True,True,0.0,uniform,True,,,,True,1.3941591999937373,0.010940399995888583,18.765118399998755,50.36540370000148,9.73999995039776e-05,0.0,69.13052210000023,400,4307,0,4707,False,False,high_seed_to_local_gain,10,0.0,0.0,0.0,0.0,0.0,0.0011457000000518747,92.59781769999972,"direct timer from mesh load through fresh candidate generation, ranking, routing, axis mapping, cold-batch physical TOMO sign/base/escalation, AVE decision, window construction, and final selection; excludes reference-grid I/O, stored-candidate validation, cache-delta validation, and checkpoint output",,0.0,0.0,92.58936139999787,92.58936139999787,diagnostic sum of individually timed components; the direct selection timer is authoritative because it also captures orchestration overhead,True,True,True,True,92.64396079999642,0.0097819000002346,92.65638820000095,1.4039410999939719,92.5991432999981,92.60759959999996,0.010402100000646897
Group_E7_61384,E,D:\__SFTF_Projects(2026)\sftf_Mesh_Data\g5test\Group_E7_61384.stl,25830484,1782686142605187800,d9af6739ae5ffe219ca2884629d7e589bd22ae629846c0bd7c2fb9962f4e18b4,516608,sftf,calibrated SFTF axes (up to 200),True,326.0000113485062,24.000000667860846,987.2800062510593,50,True,False,high_normalized_support;high_seed_to_local_gain,327.0000056845094,25.00000012650595,1148.3999815854158,1.1631958252108923,161.11997533435658,0.0006391459529896694,1292,0.8,7.837548191879916,0.8107126814296234,6788,0.05208677035934347,400,400,131,7057,0.05415090430552252,269,0.006382899999152869,0.004771600000822218,0.5136380000003555,15.276090800001839,0.0005942999996477738,0.0001550999986648094,0.3643989000011061,0.00020769999900949188,0.002011500000662636,0.0001247000000148546,0.005572300000494579,12.85,2065.0,685.1553294000332,True,True,0.0,sftf,True,True,True,True,True,0.8978569999999308,0.011154499999975087,12.567021200000454,22.81530770000245,9.420000060345046e-05,42.773053699998854,78.15538260000176,400,2005,4652,7057,True,False,high_normalized_support;high_seed_to_local_gain,50,327.0000056845094,25.00000012650595,1148.3999815854158,0.0,0.0,0.0017026000023179222,94.365638700001,"direct timer from mesh load through fresh candidate generation, ranking, routing, axis mapping, cold-batch physical TOMO sign/base/escalation, AVE decision, window construction, and final selection; excludes reference-grid I/O, stored-candidate validation, cache-delta validation, and checkpoint output",1.1631958252108923,161.11997533435658,0.0006391459529896694,94.31035390000397,94.31035390000397,diagnostic sum of individually timed components; the direct selection timer is authoritative because it also captures orchestration overhead,True,True,True,True,94.4226462000006,0.010113100001035491,94.43582880000031,0.9079701000009663,94.32046700000501,94.37575180000204,0.01051539999753004
Group_E8_64445,E,D:\__SFTF_Projects(2026)\sftf_Mesh_Data\g5test\Group_E8_64445.obj,21688297,1782959273092416300,d9af6739ae5ffe219ca2884629d7e589bd22ae629846c0bd7c2fb9962f4e18b4,514938,uniform,first 200 farthest-point uniform axes,False,50.0000002530119,195.00000201127477,0.0,10,False,False,high_seed_to_local_gain,231.99999734906928,15.000000417413029,4.182468382436359,,4.182468382436359,9.853228015265997e-07,1292,0.5,6.36347854970133,0.8676400518474979,4305,0.03303381649925952,400,400,22,4683,0.035934346728462796,378,0.006784099998185411,0.004820300000574207,1.1068362000005436,15.251513899998827,0.0005741000022680964,0.0001860999982454814,0.3783932000005734,0.00014200000077835284,0.0014694000019517262,8.369999704882503e-05,0.0,43.57105329999831,3131.6351,269.51795940002194,True,True,0.0,uniform,True,,,,True,1.4992891000001691,0.011604399998759618,10.815833399999974,22.724413700001605,9.389999831910245e-05,0.0,33.54024710000158,400,4283,0,4683,False,False,high_seed_to_local_gain,10,231.99999734906928,15.000000417413029,4.182468382436359,1.4551915228366852e-11,2.219099999171853e-16,0.0011505000002216548,50.28314870000031,"direct timer from mesh load through fresh candidate generation, ranking, routing, axis mapping, cold-batch physical TOMO sign/base/escalation, AVE decision, window construction, and final selection; excludes reference-grid I/O, stored-candidate validation, cache-delta validation, and checkpoint output",,4.182468382436359,9.853228015265997e-07,50.277844500000356,50.277844500000356,diagnostic sum of individually timed components; the direct selection timer is authoritative because it also captures orchestration overhead,True,True,True,True,50.330238700000336,0.01097479999953066,50.343790300001274,1.5102638999996998,50.288819299999886,50.29412349999984,0.0119620000004943
Group_E9_82675,E,D:\__SFTF_Projects(2026)\sftf_Mesh_Data\g5test\Group_E9_82675.stl,45827484,1782962625689210400,d9af6739ae5ffe219ca2884629d7e589bd22ae629846c0bd7c2fb9962f4e18b4,916548,uniform,first 200 farthest-point uniform axes,True,240.00000667860846,176.00000034418676,8430.707963528619,10,False,False,,239.00001234260523,187.00000634211395,10247.83706486974,1.2155369524365036,1817.129101341121,0.00034641207301612504,1292,0.85,3.6416526689832858,2.9504452140503985,4285,0.032880349291365164,400,400,20,4665,0.03579622624135788,380,0.008020799999940209,0.00487520000024233,1.21488749999844,24.092442400000436,0.0006419000019377563,0.00015079999866429716,0.3764258000010159,0.0002734000008786097,0.001910300001327414,0.00010060000204248354,0.0,23.11832460000005,7272.6213,1526.543372199987,True,True,0.0,uniform,True,True,True,True,True,1.607286300004489,0.01289600000018254,24.98379120000027,83.54295869999987,0.00014940000255592167,0.0,108.52674990000014,400,4265,0,4665,False,False,,10,239.00001234260523,187.00000634211395,10247.83706486974,58.66375765991688,0.0008891544489514541,0.002256100000522565,134.2245421999978,"direct timer from mesh load through fresh candidate generation, ranking, routing, axis mapping, cold-batch physical TOMO sign/base/escalation, AVE decision, window construction, and final selection; excludes reference-grid I/O, stored-candidate validation, cache-delta validation, and checkpoint output",1.2155369524365036,1817.129101341121,0.00034641207301612504,134.2114477000032,134.2114477000032,diagnostic sum of individually timed components; the direct selection timer is authoritative because it also captures orchestration overhead,True,True,True,True,134.29905490000237,0.011559399998077424,134.3161994000002,1.6188457000025664,134.22300710000127,134.2361015999959,0.00969440000335453
