mesh,coarse_count,top_k,window_degrees,candidate_pool_size,elapsed_sec,tomo_best_yaw,tomo_best_pitch,tomo_best_vss,pool_oracle_vss,pool_oracle_ratio,pool_hard_case,seed_best_rank,seed_best_yaw,seed_best_pitch,seed_best_vss,seed_best_ratio,local_cell_count,local_best_yaw,local_best_pitch,local_best_vss,local_best_ratio,local_hard_case
Group_C1_Bunny_69k.ply,512,3,10.0,1292,1.6212340000056429,265.00000168247254,48.9999990868195,3201.394288007878,4665.845681813137,1.457441746332514,False,1,67.00000300280972,128.9999933444683,4665.845681813137,1.457441746332514,1086,67.99999733881295,128.9999933444683,3390.7634167631795,1.0591520792876592,False
Group_C1_Bunny_69k.ply,512,10,10.0,1292,1.6212340000056429,265.00000168247254,48.9999990868195,3201.394288007878,4665.845681813137,1.457441746332514,False,1,67.00000300280972,128.9999933444683,4665.845681813137,1.457441746332514,2707,67.99999733881295,128.9999933444683,3390.7634167631795,1.0591520792876592,False
Group_C1_Bunny_69k.ply,512,20,10.0,1292,1.6212340000056429,265.00000168247254,48.9999990868195,3201.394288007878,4665.845681813137,1.457441746332514,False,1,67.00000300280972,128.9999933444683,4665.845681813137,1.457441746332514,3763,67.99999733881295,128.9999933444683,3390.7634167631795,1.0591520792876592,False
Group_C1_Bunny_69k.ply,1024,3,10.0,1804,2.2992628999927547,265.00000168247254,48.9999990868195,3201.394288007878,4789.521378919113,1.4960735692133298,False,2,255.9999980169301,36.99999875288908,8706.647502489326,2.7196423555522697,1260,261.99999135370615,45.00000125223908,5934.148780570543,1.8536138465665746,False
Group_C1_Bunny_69k.ply,1024,10,10.0,1804,2.2992628999927547,265.00000168247254,48.9999990868195,3201.394288007878,4789.521378919113,1.4960735692133298,False,9,69.99999967119774,132.00000367323466,6355.917158205647,1.9853590612110215,2807,265.00000168247254,48.9999990868195,3201.394288007878,1.0,False
Group_C1_Bunny_69k.ply,1024,20,10.0,1804,2.2992628999927547,265.00000168247254,48.9999990868195,3201.394288007878,4789.521378919113,1.4960735692133298,False,18,231.00000301306605,54.0000015026869,5279.21097337707,1.6490349199261392,4330,265.00000168247254,48.9999990868195,3201.394288007878,1.0,False
Group_C1_Bunny_69k.ply,2048,3,10.0,2828,3.5711511000117753,265.00000168247254,48.9999990868195,3201.394288007878,5146.688666225465,1.607639735444171,False,2,75.99999983816295,140.9999936783987,8474.773611904177,2.6472133231604373,1029,73.00000316977493,130.99999567685308,4265.161092616309,1.3322823460369133,False
Group_C1_Bunny_69k.ply,2048,10,10.0,2828,3.5711511000117753,265.00000168247254,48.9999990868195,3201.394288007878,5146.688666225465,1.607639735444171,False,8,59.00000050345972,127.00000467246183,6214.328541243372,1.9411318888528233,2288,67.99999733881295,128.9999933444683,3390.7634167631795,1.0591520792876592,False
Group_C1_Bunny_69k.ply,2048,20,10.0,2828,3.5711511000117753,265.00000168247254,48.9999990868195,3201.394288007878,5146.688666225465,1.607639735444171,False,13,54.0000015026869,123.99999434369548,5345.850444037067,1.6698506847663594,4089,67.99999733881295,128.9999933444683,3390.7634167631795,1.0591520792876592,False
Group_C1_Bunny_69k.ply,4096,3,10.0,4876,6.241795800000546,265.00000168247254,48.9999990868195,3201.394288007878,5186.532154556148,1.620085402783534,False,2,254.00000934492365,41.00000000256408,7777.902213009921,2.429535856343972,1239,270.00000068324533,205.0000000128204,5298.160324411944,1.654954013086846,False
Group_C1_Bunny_69k.ply,4096,10,10.0,4876,6.241795800000546,265.00000168247254,48.9999990868195,3201.394288007878,5186.532154556148,1.620085402783534,False,8,232.9999916850725,57.0000015861695,5315.568821489318,1.66039179909858,2528,265.00000168247254,48.9999990868195,3201.394288007878,1.0,False
Group_C1_Bunny_69k.ply,4096,20,10.0,4876,6.241795800000546,265.00000168247254,48.9999990868195,3201.394288007878,5186.532154556148,1.620085402783534,False,8,232.9999916850725,57.0000015861695,5315.568821489318,1.66039179909858,4162,265.00000168247254,48.9999990868195,3201.394288007878,1.0,False
Group_C2_manikin.ply,512,3,10.0,1292,1.0632012999994913,192.99999967889,7.000000052497138,4657.721223909993,5248.920976623031,1.1269289689726742,False,1,181.99999368096277,353.99998936037997,8675.961455037772,1.862705180915617,1133,185.99999834573237,353.99998936037997,5371.9208260213045,1.153336700025118,False
Group_C2_manikin.ply,512,10,10.0,1292,1.0632012999994913,192.99999967889,7.000000052497138,4657.721223909993,5248.920976623031,1.1269289689726742,False,10,3.999999969014533,183.99999601334758,7410.920848531171,1.5911044247319646,2050,192.99999967889,7.000000052497138,4657.721223909993,1.0,False
Group_C2_manikin.ply,512,20,10.0,1292,1.0632012999994913,192.99999967889,7.000000052497138,4657.721223909993,5248.920976623031,1.1269289689726742,False,10,3.999999969014533,183.99999601334758,7410.920848531171,1.5911044247319646,2794,192.99999967889,7.000000052497138,4657.721223909993,1.0,False
Group_C2_manikin.ply,1024,3,10.0,1804,1.3656218999967678,192.99999967889,7.000000052497138,4657.721223909993,5168.881298096712,1.1097446690374524,False,1,3.0000000834826057,183.99999601334758,8500.441046785718,1.8250214296101426,1155,12.000000333930423,173.99999801180195,5016.0810967122225,1.0769388839681133,False
Group_C2_manikin.ply,1024,10,10.0,1804,1.3656218999967678,192.99999967889,7.000000052497138,4657.721223909993,5168.881298096712,1.1097446690374524,False,1,3.0000000834826057,183.99999601334758,8500.441046785718,1.8250214296101426,2069,192.99999967889,7.000000052497138,4657.721223909993,1.0,False
Group_C2_manikin.ply,1024,20,10.0,1804,1.3656218999967678,192.99999967889,7.000000052497138,4657.721223909993,5168.881298096712,1.1097446690374524,False,14,7.999999938029066,173.99999801180195,6814.241409301758,1.4629989820604683,2842,192.99999967889,7.000000052497138,4657.721223909993,1.0,False
Group_C2_manikin.ply,2048,3,10.0,2828,2.112278200002038,192.99999967889,7.000000052497138,4657.721223909993,4942.041290693047,1.0610427402403395,False,1,180.99999934495955,355.00001101713985,9139.281659086873,1.96217876075777,1104,188.9999950141204,4.99999985454646,5248.920976623031,1.1269289689726742,False
Group_C2_manikin.ply,2048,10,10.0,2828,2.112278200002038,192.99999967889,7.000000052497138,4657.721223909993,4942.041290693047,1.0610427402403395,False,7,1.9999999845072665,173.99999801180195,8549.24099504455,1.8354986449506234,2302,12.000000333930423,173.99999801180195,5016.0810967122225,1.0769388839681133,False
Group_C2_manikin.ply,2048,20,10.0,2828,2.112278200002038,192.99999967889,7.000000052497138,4657.721223909993,4942.041290693047,1.0610427402403395,False,15,4.99999985454646,185.99999834573237,6451.321042273656,1.3850809724627529,2974,12.000000333930423,173.99999801180195,5016.0810967122225,1.0769388839681133,False
Group_C2_manikin.ply,4096,3,10.0,4876,3.6021770000079414,192.99999967889,7.000000052497138,4657.721223909993,5248.920976623031,1.1269289689726742,False,1,1.9999999845072665,173.99999801180195,8549.24099504455,1.8354986449506234,1323,188.9999950141204,4.99999985454646,5248.920976623031,1.1269289689726742,False
Group_C2_manikin.ply,4096,10,10.0,4876,3.6021770000079414,192.99999967889,7.000000052497138,4657.721223909993,5248.920976623031,1.1269289689726742,False,1,1.9999999845072665,173.99999801180195,8549.24099504455,1.8354986449506234,2871,188.9999950141204,4.99999985454646,5248.920976623031,1.1269289689726742,False
Group_C2_manikin.ply,4096,20,10.0,4876,3.6021770000079414,192.99999967889,7.000000052497138,4657.721223909993,5248.920976623031,1.1269289689726742,False,15,185.99999834573237,4.99999985454646,6738.841041060518,1.4468107293470645,4267,192.99999967889,7.000000052497138,4657.721223909993,1.0,False
Group_C3_dragon_100k_1.5x.ply,512,3,10.0,1292,3.059749299995019,161.99999767787153,257.9999866889366,24446.98002712786,31505.09605722979,1.288711162780426,False,3,12.999999792575526,276.9999883560246,39547.57343639027,1.61768747683787,1241,3.0000000834826057,279.99999868479097,30381.81352221276,1.2427634615195517,False
Group_C3_dragon_100k_1.5x.ply,512,10,10.0,1292,3.059749299995019,161.99999767787153,257.9999866889366,24446.98002712786,31505.09605722979,1.288711162780426,False,6,171.00000134341394,259.0000083456965,31505.09605722979,1.288711162780426,3634,161.99999767787153,257.9999866889366,24446.98002712786,1.0,False
Group_C3_dragon_100k_1.5x.ply,512,20,10.0,1292,3.059749299995019,161.99999767787153,257.9999866889366,24446.98002712786,31505.09605722979,1.288711162780426,False,6,171.00000134341394,259.0000083456965,31505.09605722979,1.288711162780426,6949,161.99999767787153,257.9999866889366,24446.98002712786,1.0,False
Group_C3_dragon_100k_1.5x.ply,1024,3,10.0,1804,4.092516599994269,161.99999767787153,257.9999866889366,24446.98002712786,32620.29600537513,1.3343282470545508,False,1,9.99999970909292,278.0000100127845,38606.817072088066,1.5792059808306624,1323,3.0000000834826057,279.99999868479097,30381.81352221276,1.2427634615195517,False
Group_C3_dragon_100k_1.5x.ply,1024,10,10.0,1804,4.092516599994269,161.99999767787153,257.9999866889366,24446.98002712786,32620.29600537513,1.3343282470545508,False,10,332.00000468528225,279.99999868479097,34546.30039940195,1.4131111638765719,3821,316.00001334696054,279.00000434878774,26844.30445521331,1.098062191134661,False
Group_C3_dragon_100k_1.5x.ply,1024,20,10.0,1804,4.092516599994269,161.99999767787153,257.9999866889366,24446.98002712786,32620.29600537513,1.3343282470545508,False,11,341.00000835082466,276.9999883560246,34194.69407767304,1.3987287607601644,6378,161.99999767787153,257.9999866889366,24446.98002712786,1.0,False
Group_C3_dragon_100k_1.5x.ply,2048,3,10.0,2828,6.239172600005986,161.99999767787153,257.9999866889366,24446.98002712786,31270.907930106172,1.2791317330568466,False,1,347.0000016876007,274.0000053480149,37308.547122419375,1.5261004459863565,1243,342.9999970228311,278.0000100127845,25929.307149461478,1.0606343654998998,False
Group_C3_dragon_100k_1.5x.ply,2048,10,10.0,2828,6.239172600005986,161.99999767787153,257.9999866889366,24446.98002712786,31270.907930106172,1.2791317330568466,False,8,146.00000633954986,260.0000026816997,33141.246511916484,1.355637648296065,3906,342.9999970228311,278.0000100127845,25929.307149461478,1.0606343654998998,False
Group_C3_dragon_100k_1.5x.ply,2048,20,10.0,2828,6.239172600005986,161.99999767787153,257.9999866889366,24446.98002712786,31270.907930106172,1.2791317330568466,False,8,146.00000633954986,260.0000026816997,33141.246511916484,1.355637648296065,7399,342.9999970228311,278.0000100127845,25929.307149461478,1.0606343654998998,False
Group_C3_dragon_100k_1.5x.ply,4096,3,10.0,4876,10.57885510000051,161.99999767787153,257.9999866889366,24446.98002712786,31084.056728142354,1.2714886130577105,False,1,183.00000167734436,259.0000083456965,40469.53611137453,1.6554002198417583,1281,175.00000600818353,260.0000026816997,29427.10080422646,1.203711082987443,False
Group_C3_dragon_100k_1.5x.ply,4096,10,10.0,4876,10.57885510000051,161.99999767787153,257.9999866889366,24446.98002712786,31084.056728142354,1.2714886130577105,False,7,166.99999667864435,257.9999866889366,34292.6624392675,1.4027361416917048,3657,161.99999767787153,257.9999866889366,24446.98002712786,1.0,False
Group_C3_dragon_100k_1.5x.ply,4096,20,10.0,4876,10.57885510000051,161.99999767787153,257.9999866889366,24446.98002712786,31084.056728142354,1.2714886130577105,False,7,166.99999667864435,257.9999866889366,34292.6624392675,1.4027361416917048,6820,161.99999767787153,257.9999866889366,24446.98002712786,1.0,False
Group_C4_happy_50k_0.75x.ply,512,3,10.0,1292,1.5022862000041641,90.99999684048139,110.99999967376182,2112.4674268990507,9185.02058864625,4.348005783042627,True,3,252.99998768816374,289.0000023503334,23727.487926640788,11.232120138046826,1260,261.99999135370615,279.00000434878774,17990.9871629447,8.516574946366944,True
Group_C4_happy_50k_0.75x.ply,512,10,10.0,1292,1.5022862000041641,90.99999684048139,110.99999967376182,2112.4674268990507,9185.02058864625,4.348005783042627,True,3,252.99998768816374,289.0000023503334,23727.487926640788,11.232120138046826,2872,261.99999135370615,279.00000434878774,17990.9871629447,8.516574946366944,True
Group_C4_happy_50k_0.75x.ply,512,20,10.0,1292,1.5022862000041641,90.99999684048139,110.99999967376182,2112.4674268990507,9185.02058864625,4.348005783042627,True,20,279.99999868479097,73.99999750577815,20891.50089862918,9.889620371234027,5938,118.99999534292266,90.99999684048139,3330.4208566334623,1.5765548922675126,False
Group_C4_happy_50k_0.75x.ply,1024,3,10.0,1804,2.0057729999971343,90.99999684048139,110.99999967376182,2112.4674268990507,8320.425167556637,3.938723533252496,True,3,72.00000200358254,249.00001034415084,24826.56999067827,11.752403693685292,1281,226.99999834829646,276.9999883560246,20815.134048461914,9.853469825575973,True
Group_C4_happy_50k_0.75x.ply,1024,10,10.0,1804,2.0057729999971343,90.99999684048139,110.99999967376182,2112.4674268990507,8320.425167556637,3.938723533252496,True,4,175.00000600818353,275.99999402002135,21653.731007221315,10.250444921182726,3567,63.99999950423253,268.0000120112389,12949.782954759834,6.130169293909151,True
Group_C4_happy_50k_0.75x.ply,1024,20,10.0,1804,2.0057729999971343,90.99999684048139,110.99999967376182,2112.4674268990507,8320.425167556637,3.938723533252496,True,4,175.00000600818353,275.99999402002135,21653.731007221315,10.250444921182726,6264,118.99999534292266,90.99999684048139,3330.4208566334623,1.5765548922675126,False
Group_C4_happy_50k_0.75x.ply,2048,3,10.0,2828,3.3298660999862477,90.99999684048139,110.99999967376182,2112.4674268990507,4043.504718906623,1.9141145881914001,False,2,56.000000419977106,260.0000026816997,22602.37291824719,10.699513105120792,1059,63.99999950423253,268.0000120112389,12949.782954759834,6.130169293909151,True
Group_C4_happy_50k_0.75x.ply,2048,10,10.0,2828,3.3298660999862477,90.99999684048139,110.99999967376182,2112.4674268990507,4043.504718906623,1.9141145881914001,False,2,56.000000419977106,260.0000026816997,22602.37291824719,10.699513105120792,3234,63.99999950423253,268.0000120112389,12949.782954759834,6.130169293909151,True
Group_C4_happy_50k_0.75x.ply,2048,20,10.0,2828,3.3298660999862477,90.99999684048139,110.99999967376182,2112.4674268990507,4043.504718906623,1.9141145881914001,False,13,60.000001669652114,85.99999783970858,20998.162671554186,9.94011192985729,6923,273.00001101201167,71.00000083739013,6035.135797232636,2.8569130678108388,True
Group_C4_happy_50k_0.75x.ply,4096,3,10.0,4876,5.646406300002127,90.99999684048139,110.99999967376182,2112.4674268990507,4030.022739378874,1.9077324876410786,False,1,298.0000060158758,255.9999980169301,23119.544194749564,10.944331685477103,996,288.00000801433015,265.00000168247254,20649.89815073565,9.775250443055686,True
Group_C4_happy_50k_0.75x.ply,4096,10,10.0,4876,5.646406300002127,90.99999684048139,110.99999967376182,2112.4674268990507,4030.022739378874,1.9077324876410786,False,4,308.99999835342464,259.0000083456965,22751.676149604733,10.770190280757392,3224,31.999999752116263,269.0000063472421,17443.333775543968,8.257326741908404,True
Group_C4_happy_50k_0.75x.ply,4096,20,10.0,4876,5.646406300002127,90.99999684048139,110.99999967376182,2112.4674268990507,4030.022739378874,1.9077324876410786,False,4,308.99999835342464,259.0000083456965,22751.676149604733,10.770190280757392,5430,31.999999752116263,269.0000063472421,17443.333775543968,8.257326741908404,True
Group_C5_lucy_50k.ply,512,3,10.0,1292,1.823719300009543,181.99999368096277,358.99998836115276,5036.138305979327,5133.821944559902,1.0193965361246327,False,1,357.99999402514953,176.99999468018999,14192.6816672333,2.8181675730355846,941,181.99999368096277,358.99998836115276,5036.138305979327,1.0,False
Group_C5_lucy_50k.ply,512,10,10.0,1292,1.823719300009543,181.99999368096277,358.99998836115276,5036.138305979327,5133.821944559902,1.0193965361246327,False,6,357.99999402514953,181.99999368096277,13939.90083174272,2.7679741867279732,2555,181.99999368096277,358.99998836115276,5036.138305979327,1.0,False
Group_C5_lucy_50k.ply,512,20,10.0,1292,1.823719300009543,181.99999368096277,358.99998836115276,5036.138305979327,5133.821944559902,1.0193965361246327,False,6,357.99999402514953,181.99999368096277,13939.90083174272,2.7679741867279732,3848,181.99999368096277,358.99998836115276,5036.138305979327,1.0,False
Group_C5_lucy_50k.ply,1024,3,10.0,1804,2.2470065000088653,181.99999368096277,358.99998836115276,5036.138305979327,5133.821944559902,1.0193965361246327,False,3,173.99999801180195,356.9999996891463,18414.166348039613,3.656406005803448,1027,181.99999368096277,358.99998836115276,5036.138305979327,1.0,False
Group_C5_lucy_50k.ply,1024,10,10.0,1804,2.2470065000088653,181.99999368096277,358.99998836115276,5036.138305979327,5133.821944559902,1.0193965361246327,False,10,360.00001001791264,181.99999368096277,6522.889964836688,1.2952166061627346,2602,181.99999368096277,358.99998836115276,5036.138305979327,1.0,False
Group_C5_lucy_50k.ply,1024,20,10.0,1804,2.2470065000088653,181.99999368096277,358.99998836115276,5036.138305979327,5133.821944559902,1.0193965361246327,False,10,360.00001001791264,181.99999368096277,6522.889964836688,1.2952166061627346,3647,181.99999368096277,358.99998836115276,5036.138305979327,1.0,False
Group_C5_lucy_50k.ply,2048,3,10.0,2828,3.5886507000104757,181.99999368096277,358.99998836115276,5036.138305979327,5231.304109589128,1.0387530666856555,False,2,356.9999996891463,173.00000367579872,17856.706272472034,3.5457140347537814,986,181.99999368096277,358.99998836115276,5036.138305979327,1.0,False
Group_C5_lucy_50k.ply,2048,10,10.0,2828,3.5886507000104757,181.99999368096277,358.99998836115276,5036.138305979327,5231.304109589128,1.0387530666856555,False,10,360.00001001791264,183.99999601334758,5613.8004153228,1.1147033846663075,2278,181.99999368096277,358.99998836115276,5036.138305979327,1.0,False
Group_C5_lucy_50k.ply,2048,20,10.0,2828,3.5886507000104757,181.99999368096277,358.99998836115276,5036.138305979327,5231.304109589128,1.0387530666856555,False,10,360.00001001791264,183.99999601334758,5613.8004153228,1.1147033846663075,3652,181.99999368096277,358.99998836115276,5036.138305979327,1.0,False
Group_C5_lucy_50k.ply,4096,3,10.0,4876,6.117632100009359,181.99999368096277,358.99998836115276,5036.138305979327,6522.889964836688,1.2952166061627346,False,1,355.00001101713985,0.9999999922536332,28055.58117953214,5.570852005041679,987,181.99999368096277,358.99998836115276,5036.138305979327,1.0,False
Group_C5_lucy_50k.ply,4096,10,10.0,4876,6.117632100009359,181.99999368096277,358.99998836115276,5036.138305979327,6522.889964836688,1.2952166061627346,False,9,178.00000267657154,3.999999969014533,16725.6110955861,3.321118301244437,2180,181.99999368096277,358.99998836115276,5036.138305979327,1.0,False
Group_C5_lucy_50k.ply,4096,20,10.0,4876,6.117632100009359,181.99999368096277,358.99998836115276,5036.138305979327,6522.889964836688,1.2952166061627346,False,19,178.99999701257477,352.0000006883735,14671.088250215389,2.9131622999306113,3960,181.99999368096277,358.99998836115276,5036.138305979327,1.0,False
