study_id,source_set,stratum,face_count,thingi_id,gate_accepted,sftf_k8192_wall_s,cura_5_13_sliced,cura_5_13_union,cura_5_13_mean_slice_s,cura_5_13_ref_min_mm3,cura_5_13_ref_max_mm3,cura_5_13_u_5_missing,cura_5_13_s_5_missing,cura_5_13_u_5,cura_5_13_s_5,cura_5_13_diff_5,cura_5_13_complete_5,cura_5_13_u_10_missing,cura_5_13_s_10_missing,cura_5_13_u_10,cura_5_13_s_10,cura_5_13_diff_10,cura_5_13_complete_10,cura_5_13_u_20_missing,cura_5_13_s_20_missing,cura_5_13_u_20,cura_5_13_s_20,cura_5_13_diff_20,cura_5_13_complete_20,prusa_2_9_6_sliced,prusa_2_9_6_union,prusa_2_9_6_mean_slice_s,prusa_2_9_6_ref_min_mm3,prusa_2_9_6_ref_max_mm3,prusa_2_9_6_u_5_missing,prusa_2_9_6_s_5_missing,prusa_2_9_6_u_5,prusa_2_9_6_s_5,prusa_2_9_6_diff_5,prusa_2_9_6_complete_5,prusa_2_9_6_u_10_missing,prusa_2_9_6_s_10_missing,prusa_2_9_6_u_10,prusa_2_9_6_s_10,prusa_2_9_6_diff_10,prusa_2_9_6_complete_10,prusa_2_9_6_u_20_missing,prusa_2_9_6_s_20_missing,prusa_2_9_6_u_20,prusa_2_9_6_s_20,prusa_2_9_6_diff_20,prusa_2_9_6_complete_20,tomo_u_5,tomo_s_5,tomo_diff_5,tomo_u_10,tomo_s_10,tomo_diff_10,tomo_u_20,tomo_s_20,tomo_diff_20
N048,confirm80,faces_50k_150k,64440,73986,True,16.186616100007086,55,55,20.999561601817682,7057.351597471105,21032.755706779757,0,0,0.1766914358787766,0.16026292524745311,-0.016428510631323473,True,0,0,0.28692576233418365,0.0,-0.28692576233418365,True,0,0,0.20831071852880534,0.0,-0.20831071852880534,True,55,55,3.054132218181092,22179.44844109737,40435.5364322493,0,0,0.024855401174121366,0.3182691542766552,0.2934137531025338,True,0,0,0.11826917799213835,0.009695038974646988,-0.10857413901749136,True,0,0,0.07307194385257317,0.0,-0.07307194385257317,True,0.18376402740173844,0.09465075207758858,-0.08911327532414987,0.13322599408619268,0.056799865055943755,-0.07642612903024892,0.05021869872560315,0.056799865055943755,0.0065811663303406015
N049,confirm80,faces_50k_150k,62390,668057,True,93.266776199991,55,55,36.696550130909735,387.62935815244293,32109.493774403876,0,0,0.004506684344965163,0.01362098552970769,0.009114301184742527,True,0,0,0.0210964124472283,0.0,-0.0210964124472283,True,0,0,0.0005405636697606054,0.0,-0.0005405636697606054,True,55,55,11.319929294545595,1120.5298579905361,102035.82300831788,0,0,0.015900286127195296,0.010748238561053189,-0.005152047566142107,True,0,0,0.020515502985429566,0.0,-0.020515502985429566,True,0,0,0.008037549654259589,0.0,-0.008037549654259589,True,0.002258764318909594,0.05523757689127751,0.05297881257236791,0.057918371968242635,0.050277062840841165,-0.00764130912740147,0.0014461222783291533,0.050277062840841165,0.04883094056251201
N050,confirm80,faces_50k_150k,69324,472019,True,13.87462869999581,55,55,14.448597447271723,863.2554005017342,58081.97258731018,0,0,0.011125643658841382,0.0008106557549625652,-0.010314987903878817,True,0,0,0.027906205301688084,0.0008106557549625652,-0.02709554954672552,True,0,0,0.05988980368930346,0.0,-0.05988980368930346,True,55,55,2.1899305963642703,4584.733447066565,57265.54766412828,0,0,0.0,0.03363919170072797,0.03363919170072797,True,0,0,0.038673231428677984,0.03363919170072797,-0.005034039727950017,True,0,0,0.13233738113184149,0.02484591750419915,-0.10749146362764234,True,6.351046549828012e-05,0.012248486736051811,0.012184976270553531,6.310580304981478e-05,0.012127474170519507,0.012064368367469692,0.00010833873992784572,0.011810634586739654,0.011702295846811808
N051,confirm80,faces_50k_150k,74278,79241,True,17.240854699994088,55,55,21.907703503638253,3600.3949062102647,25948.871789084667,0,0,0.42807828173902734,0.11510780015051646,-0.3129704815885109,True,0,0,0.25650491551127313,0.006975532372486645,-0.24952938313878648,True,0,0,0.10569743894359712,0.0,-0.10569743894359712,True,55,55,4.526180458182088,11873.683310428687,51338.375193936336,0,0,0.5670850228165955,0.18914262558097286,-0.3779423972356226,True,0,0,0.3545598585736637,0.0,-0.3545598585736637,True,0,0,0.18461296631410784,0.0,-0.18461296631410784,True,0.15232291680100546,0.014280274022560711,-0.13804264277844475,0.009520182300062841,0.0,-0.009520182300062841,0.009520182300062841,0.0,-0.009520182300062841
N052,confirm80,faces_50k_150k,58592,591243,True,20.20148770000378,55,55,13.835194052726465,4186.357722445468,22233.980101826357,0,0,0.15849910026675051,0.3700964966423074,0.2115973963755569,True,0,0,0.09964733029376094,0.3161571205802273,0.21650979028646639,True,0,0,0.0,0.3161571205802273,0.3161571205802273,True,55,55,3.511800203634828,17186.702459460357,40049.17246882325,0,0,0.0,0.20383855190386704,0.20383855190386704,True,0,0,0.1087886058773546,0.20383855190386704,0.09504994602651244,True,0,0,0.11013513519968018,0.18657738171546615,0.07644224651578596,True,0.0006068554296122767,0.0036584577617097104,0.003051602332097434,0.00023340601816510714,0.0036584577617097104,0.003425051743544603,0.0,0.0036584577617097104,0.0036584577617097104
N053,confirm80,faces_50k_150k,59852,472203,True,14.196701200009556,55,55,13.92484660545544,4003.122483275652,29373.06156588209,0,0,0.07717113901321287,0.17303384326002175,0.09586270424680887,True,0,0,0.06313194619247861,0.0,-0.06313194619247861,True,0,0,0.06879757707800839,0.0,-0.06879757707800839,True,55,55,3.094782412727628,9422.591711224844,44230.450741075176,0,0,0.1216266007064998,0.19251234060292105,0.07088573989642125,True,0,0,0.13597078198125828,0.0,-0.13597078198125828,True,0,0,0.1588014709938591,0.0,-0.1588014709938591,True,0.0,0.18545259903214695,0.18545259903214695,0.0,0.18545259903214695,0.18545259903214695,0.002935305579885379,0.1849242462376157,0.1819889406577303
N054,confirm80,faces_50k_150k,75676,789081,True,16.076591899996856,55,55,6.387149285455499,900.0773796759293,19896.499658884295,0,0,0.10337441757458833,0.436658820792846,0.3332844032182577,True,0,0,0.0,0.42924910039093567,0.42924910039093567,True,0,0,0.025850797540932103,0.08408099489920097,0.05823019735826887,True,55,55,1.9342808745462785,7356.097203470997,40233.884021908074,0,0,0.12157746015833444,0.48301275121433407,0.36143529105599964,True,0,0,0.05598228833114162,0.48301275121433407,0.42703046288319246,True,0,0,0.0,0.24857030586598552,0.24857030586598552,True,0.00012386681146967052,0.006960489859549308,0.0068366230480796375,6.944048557350575e-05,0.006960489859549308,0.006891049373975802,0.00010322234800742666,0.006960489859549308,0.006857267511541881
N055,confirm80,faces_50k_150k,59946,111240,True,7.722994200012181,55,55,21.549392765455096,6318.278951918073,29926.118129680133,0,0,0.30942143683298695,0.10012596954940002,-0.20929546728358694,True,0,0,0.3345881322398423,0.10012596954940002,-0.2344621626904423,True,0,0,0.2607752525097386,0.0,-0.2607752525097386,True,55,55,3.926134267274227,20239.969100124945,59521.81857510177,0,0,0.2991764134995312,0.06526121307264961,-0.23391520042688163,True,0,0,0.3330604181302422,0.06526121307264961,-0.2677992050575926,True,0,0,0.29584683104356485,0.0,-0.29584683104356485,True,0.12140973619929235,0.02067335175349365,-0.1007363844457987,0.1594651825392619,0.02067335175349365,-0.13879183078576823,0.11922199109976793,0.02067335175349365,-0.09854863934627428
N056,confirm80,faces_50k_150k,64716,472111,True,4.767377900003339,55,55,7.904302718182126,4026.935880271838,17474.149542498675,0,0,0.0,0.1298360060264139,0.1298360060264139,True,0,0,0.05408394901006384,0.1232610014122373,0.06917705240217345,True,0,0,0.0021054530295483887,0.1232610014122373,0.12115554838268891,True,55,55,2.1576615327275994,9410.41843533681,27146.21446807665,0,0,0.0,0.26945863613089893,0.26945863613089893,True,0,0,0.19047418792430815,0.2566025929872164,0.06612840506290824,True,0,0,0.009985940358160783,0.15023079755999474,0.14024485720183397,True,0.0,0.035834865429849046,0.035834865429849046,0.0,0.03024542290624565,0.03024542290624565,0.0,0.03024542290624565,0.03024542290624565
N057,confirm80,faces_50k_150k,58350,101339,True,7.230144600005588,55,55,16.52376388727174,1216.817957709803,31329.212035803776,0,0,0.10317201286485081,0.16660494226380318,0.06343292939895237,True,0,0,0.044059683831604565,0.0,-0.044059683831604565,True,0,0,0.035381906711719806,0.0,-0.035381906711719806,True,55,55,3.0835191236367048,4544.599539066767,57911.01595130369,0,0,0.05826982128590534,0.16752674894403397,0.10925692765812862,True,0,0,0.09222549108073069,0.0,-0.09222549108073069,True,0,0,0.06263475635181036,0.0,-0.06263475635181036,True,0.0008725823619748149,0.24027442405628208,0.23940184169430725,0.0,0.11733309250998449,0.11733309250998449,0.0,0.11733309250998449,0.11733309250998449
N058,confirm80,faces_50k_150k,50150,667995,True,45.242413200001465,55,55,32.56003693090937,311.31755735912856,36539.03025691162,0,0,0.008949551993477228,0.023145153795522642,0.014195601802045415,True,0,0,0.029215049056597178,0.0,-0.029215049056597178,True,0,0,0.00496966128938833,0.0,-0.00496966128938833,True,55,55,10.690815992727453,1016.9925754382275,113070.8088461868,0,0,0.02858181472375539,0.02034251431056062,-0.008239300413194768,True,0,0,0.027614445018059257,0.0,-0.027614445018059257,True,0,0,0.016605585080752012,0.0,-0.016605585080752012,True,0.0013433429697531296,0.06550584204299095,0.06416249907323782,0.0646136583648936,0.04363230260184167,-0.020981355763051934,0.0015620817235718616,0.04363230260184167,0.04207022087826981
N059,confirm80,faces_50k_150k,69998,69685,False,5.126116799990996,55,55,7.40101615272711,189.8590727680248,4256.913731816588,0,0,0.3592269299664416,0.21864178520874258,-0.14058514475769904,True,0,0,0.40111742914437387,0.0,-0.40111742914437387,True,0,0,0.2848039550700555,0.0,-0.2848039550700555,True,55,55,2.9226806654541924,693.9672123392883,8929.802707895047,0,0,0.48684677488555184,0.2677797783545696,-0.21906699653098222,True,0,0,0.5822454333638865,0.0,-0.5822454333638865,True,0,0,0.3528266807255172,0.0,-0.3528266807255172,True,0.207592165910656,0.15289410520618146,-0.05469806070447453,0.17955755347195446,0.07542893028922769,-0.10412862318272677,0.081361592565076,0.07542893028922769,-0.005932662275848308
N060,confirm80,faces_50k_150k,83648,466263,True,11.702050599997165,55,55,14.426143830908801,630.1155413507659,37471.88660151458,0,0,0.2595941658921369,0.017441786429107507,-0.2421523794630294,True,0,0,0.3062444916738992,0.017441786429107507,-0.28880270524479174,True,0,0,0.18346868834023067,0.0,-0.18346868834023067,True,55,55,2.631583063635679,2265.325979448607,70626.81622732327,0,0,0.34949754843153774,0.025957653422794772,-0.323539895008743,True,0,0,0.31453030873847876,0.025957653422794772,-0.288572655315684,True,0,0,0.2061772585199236,0.0,-0.2061772585199236,True,0.001186407573238219,0.03076129895402936,0.02957489138079114,0.00034596103295293806,0.03076129895402936,0.03041533792107642,0.0,0.027511936047642526,0.027511936047642526
N061,confirm80,faces_50k_150k,133414,548875,True,11.117093900000327,55,55,21.575423218182618,2494.2080086238266,31503.241178856875,0,0,0.05355869246844472,0.5243615295429845,0.47080283707453985,True,0,0,0.0,0.4180243409056873,0.4180243409056873,True,0,0,0.03675714326670831,0.3285845842920481,0.2918274410253398,True,55,55,4.9747387036361035,6181.239412130574,53910.35258011673,0,0,0.03575228173534113,0.7217033906722233,0.6859511089368822,True,0,0,0.0,0.6387650657908523,0.6387650657908523,True,0,0,0.04375985980109752,0.5304566277345181,0.48669676793342054,True,0.03221584435464743,0.03533717775782648,0.0031213334031790496,0.001773357358561217,0.006653289272328924,0.004879931913767707,0.0,0.006653289272328924,0.006653289272328924
N062,confirm80,faces_50k_150k,103860,471990,True,4.772976700012805,55,55,4.4001581654539965,321.7180683468349,26274.173414739187,0,0,0.024864597944540254,0.033411554844053705,0.008546956899513451,True,0,0,0.014195484141751995,0.0,-0.014195484141751995,True,0,0,0.012783682041432114,0.0,-0.012783682041432114,True,55,55,1.4845611781818495,1860.0900782323965,36724.182168962005,0,0,0.04473561760490708,0.08372985619875992,0.038994238593852835,True,0,0,0.019630374279062175,0.08327800948976605,0.06364763521070388,True,0,0,0.0,0.07176290539639975,0.07176290539639975,True,8.724860569666045e-05,0.008899631957528218,0.008812383351831557,0.0,0.0011177141018303483,0.0011177141018303483,0.0,0.0,0.0
N063,confirm80,faces_50k_150k,115676,1397588,True,7.270475299999816,55,55,15.677746721819064,4310.197387987597,23784.262778925207,0,0,0.14981972130749524,0.09257702220522225,-0.05724269910227299,True,0,0,0.2368412613507671,0.09257702220522225,-0.14426423914554487,True,0,0,0.0,0.05021653046934773,0.05021653046934773,True,55,55,3.3886357090917456,12376.476121606298,38189.07365942673,0,0,0.12095243863676763,0.12823560090720873,0.007283162270441096,True,0,0,0.21579466904882924,0.12823560090720873,-0.08755906814162051,True,0,0,0.0,0.09917905302554024,0.09917905302554024,True,0.02992332325295315,0.08940445328215127,0.05948113002919812,0.07361885161525795,0.08940445328215127,0.015785601666893315,0.03770893382191986,0.013412078040890146,-0.024296855781029712
N064,confirm80,faces_50k_150k,66354,488050,True,4.698750200012,55,55,6.621890579999308,754.1367575688455,19716.50241017422,0,0,0.09142376727808983,0.1057119582492926,0.014288190971202763,True,0,0,0.08257784083531797,0.1057119582492926,0.023134117413974628,True,0,0,0.0,0.06958147137986713,0.06958147137986713,True,55,55,1.8386462818188276,4278.684467232915,25468.59068445659,0,0,0.04512992352709938,0.18642059518474038,0.141290671657641,True,0,0,0.07559124723612631,0.15092969584453456,0.07533844860840824,True,0,0,0.0,0.06163314176989457,0.06163314176989457,True,0.05734896377875203,0.02015094097309083,-0.0371980228056612,0.006692555580405099,0.02015094097309083,0.013458385392685731,0.001929227954754764,0.02015094097309083,0.018221713018336066
N065,confirm80,faces_50k_150k,56794,932610,True,5.8215554999915184,55,55,9.086681223637159,2706.7284205281658,13510.701654596101,0,0,0.13389095062124173,0.0,-0.13389095062124173,True,0,0,0.27832539942699447,0.0,-0.27832539942699447,True,0,0,0.1619048709507453,0.0,-0.1619048709507453,True,55,55,2.337478190909182,7597.880779780965,23002.20721708798,0,0,0.2811972688568732,0.013520025574017472,-0.2676772432828557,True,0,0,0.2947827122145717,0.013520025574017472,-0.2812626866405542,True,0,0,0.2630467240993106,0.0,-0.2630467240993106,True,0.07977854878002016,0.05380432530098823,-0.025974223479031937,0.21870302052230609,0.05380432530098823,-0.16489869522131786,0.05072012857985529,0.011640149950376459,-0.03907997862947883
N066,confirm80,faces_50k_150k,82060,74690,True,4.08236100000795,55,55,15.239236885454474,439.3634355280438,28313.040951083705,0,0,0.0,0.05031155948800731,0.05031155948800731,True,0,0,0.051309014861219505,0.05031155948800731,-0.0009974553732121985,True,0,0,0.04834839910580177,0.05031155948800731,0.0019631603822055366,True,55,55,2.7156305418177826,697.3526706317375,43804.84722561369,0,0,0.0,0.10832540193758707,0.10832540193758707,True,0,0,0.1183916374468643,0.10832540193758707,-0.010066235509277238,True,0,0,0.11710998849411691,0.09290112396820742,-0.024208864525909493,True,0.000956872418139563,0.001762503164858816,0.0008056307467192529,0.00020840407224660657,0.001762503164858816,0.0015540990926122093,8.931603914681771e-05,7.443002784835607e-05,-1.4886011298461644e-05
N067,confirm80,faces_50k_150k,75806,470464,True,6.7658640000008745,54,55,14.135207755555813,5223.859054058411,21074.650617851556,0,0,0.10590791719084358,0.003108447749799772,-0.1027994694410438,True,0,0,0.23978610388126373,0.0,-0.23978610388126373,True,0,1,0.1313324542277333,0.0,-0.1313324542277333,False,55,55,3.3089619545445945,18446.2072913639,44032.005557642,0,0,0.22179580249541114,0.0,-0.22179580249541114,True,0,0,0.13940296958587092,0.0,-0.13940296958587092,True,0,0,0.025429022669684893,0.0,-0.025429022669684893,True,0.0034036876406799057,0.016166850881531223,0.012763163240851317,0.03311878545595554,0.016166850881531223,-0.01695193457442432,0.016831825604277064,0.01612399123539608,-0.0007078343688809857
N068,confirm80,faces_150k_250k,159910,351479,True,6.084587300007115,55,55,17.634973823636326,4516.868250582198,30218.586527254076,0,0,0.1185395729393639,0.047348399126520585,-0.07119117381284332,True,0,0,0.0944559342682708,0.0,-0.0944559342682708,True,0,0,0.03046949060123685,0.0,-0.03046949060123685,True,55,55,3.694615250908431,13655.65885315398,47362.986260110476,0,0,0.2528666720036244,0.18937238920370464,-0.06349428279991975,True,0,0,0.1784783313947755,0.11249514514305052,-0.06598318625172499,True,0,0,0.0,0.11249514514305052,0.11249514514305052,True,0.022549663935335883,0.017778787796033882,-0.004770876139302001,0.014759623095073799,0.0048291745025530255,-0.009930448592520773,0.036291415555364574,0.0048291745025530255,-0.03146224105281155
N069,confirm80,faces_150k_250k,187740,1335002,True,6.2667313999991165,55,55,12.195015499998805,3722.4592572529937,13179.49575946865,0,0,0.07971173323025021,0.004580656874121102,-0.07513107635612912,True,0,0,0.0,0.004580656874121102,0.004580656874121102,True,0,0,0.035594460908250705,0.004580656874121102,-0.031013804034129604,True,55,55,2.410565281818642,11994.271900776375,26905.379967884623,0,0,0.2070299906441934,0.11170277616094348,-0.0953272144832499,True,0,0,0.03298581367419581,0.11170277616094348,0.07871696248674767,True,0,0,0.07668005628399202,0.0,-0.07668005628399202,True,0.023360200210085662,0.02642087245245391,0.0030606722423682474,0.020462766512942217,0.0160320822814883,-0.004430684231453916,0.019973059851596132,0.0160320822814883,-0.003940977570107831
N070,confirm80,faces_150k_250k,154802,762601,True,7.1896632999996655,55,55,7.579177418181578,1004.9905796722304,12031.296404685403,0,0,0.04306743673166062,0.0,-0.04306743673166062,True,0,0,0.11304528715627064,0.0,-0.11304528715627064,True,0,0,0.03656349148728825,0.0,-0.03656349148728825,True,55,55,2.5771164563622073,3589.1315725083145,19753.732782152823,0,0,0.04651236058798317,0.0021766143206856685,-0.044335746267297506,True,0,0,0.09714070416108996,0.0021766143206856685,-0.09496408984040429,True,0,0,0.05893534458290256,0.0,-0.05893534458290256,True,0.0,0.0,0.0,0.0,0.0,0.0,0.0014366990686535568,0.0,-0.0014366990686535568
N071,confirm80,faces_150k_250k,153456,551075,True,8.78391090000514,55,55,40.06472710000102,8259.427414196669,41474.46476949445,0,0,0.0,0.21002810237232108,0.21002810237232108,True,0,0,0.06605197415433459,0.19284164659745753,0.12678967244312295,True,0,0,0.06547393230814896,0.1563732861041967,0.09089935379604774,True,55,55,6.826329378182312,30745.881535992507,86674.53596327934,0,0,0.0,0.47167402613530984,0.47167402613530984,True,0,0,0.12314770728743862,0.3613929314110083,0.2382452241235697,True,0,0,0.0012651330140344772,0.16375147854459768,0.1624863455305632,True,0.011274449518226707,0.011591835657601801,0.00031738613937509416,0.0037870033456256563,0.0012406943477960963,-0.00254630899782956,0.0025246686079160095,0.0012406943477960963,-0.0012839742601199132
N072,confirm80,faces_150k_250k,161822,804297,True,5.843765199999325,55,55,5.059183510909629,926.9329531352936,6684.62000204002,0,0,0.10696251609768519,0.19802775298898795,0.09106523689130276,True,0,0,0.06496676488851702,0.13883028544481782,0.0738635205563008,True,0,0,0.0,0.13883028544481782,0.13883028544481782,True,55,55,1.642349300000404,2636.8424986347472,13491.183273230728,0,0,0.09912439320008207,0.37503102182167364,0.27590662862159154,True,0,0,0.06564531892752888,0.3742960378247918,0.3086507188972629,True,0,0,0.0,0.3353710458493415,0.3353710458493415,True,0.023879482094641566,0.052717756975279646,0.02883827488063808,0.014026940539868265,0.027539729030960688,0.013512788491092423,0.01629184621637335,0.027539729030960688,0.01124788281458734
N073,confirm80,faces_150k_250k,191706,399566,True,6.255783200002043,55,55,15.109150807271892,10623.519414752687,25942.267630693168,0,0,0.0,0.012817813179469032,0.012817813179469032,True,0,0,0.046090194484362156,0.012817813179469032,-0.03327238130489312,True,0,0,0.017841950059301108,0.00139044189711238,-0.016451508162188728,True,55,55,2.7342830472736916,25655.034834225247,45649.25274937281,0,0,0.1916495776605317,0.198484044131962,0.006834466471430295,True,0,0,0.22404109332488414,0.1574574224546142,-0.06658367087026995,True,0,0,0.09780943391821884,0.0,-0.09780943391821884,True,0.0,0.014458400130827527,0.014458400130827527,4.2051417766888514e-05,0.00034622334613229665,0.00030417192836540815,0.0,0.0,0.0
N074,confirm80,faces_150k_250k,163142,762584,True,4.956133100000443,55,55,8.506912949091532,647.719438604571,9799.578514874378,0,0,0.33242348395904997,0.004492718898331592,-0.3279307650607184,True,0,0,0.22774103501871476,0.004492718898331592,-0.22324831612038318,True,0,0,0.004485281122410214,0.0,-0.004485281122410214,True,55,55,2.797811447273654,1583.0299163534223,21084.27908146127,0,0,0.39500094260044705,0.0,-0.39500094260044705,True,0,0,0.3828993829485816,0.0,-0.3828993829485816,True,0,0,0.03352105803974632,0.0,-0.03352105803974632,True,0.09872057788894652,0.028389734684000197,-0.07033084320494631,0.022711788475574802,0.0,-0.022711788475574802,0.004731622295588649,0.0,-0.004731622295588649
N075,confirm80,faces_150k_250k,176752,1063866,True,6.7166604999947594,55,55,12.020753861816907,1763.2857328641821,12201.043039572676,0,0,0.1076555873907076,0.03277026644464841,-0.0748853209460592,True,0,0,0.018216368878182017,0.03277026644464841,0.01455389756646639,True,0,0,0.0653776322047347,0.0,-0.0653776322047347,True,55,55,4.349370087273101,5670.632176879145,28687.127129099073,0,0,0.11600499949705381,0.07744967327355856,-0.03855532622349525,True,0,0,0.0,0.07744967327355856,0.07744967327355856,True,0,0,0.03704413922228207,0.01867872307857508,-0.01836541614370699,True,0.0971303893529055,0.07374639870748242,-0.02338399064542307,0.03676747438834786,0.07374639870748242,0.03697892431913456,0.04534924896962969,0.03672006777287467,-0.008629181196755022
N076,confirm80,faces_150k_250k,185576,1356652,True,7.220441999990726,55,55,16.528390552726872,4006.35426810907,37605.68644309311,0,0,0.059428924321514844,0.042031327920080776,-0.017397596401434068,True,0,0,0.07611684251738533,0.042031327920080776,-0.03408551459730456,True,0,0,0.0,0.017084191965933512,0.017084191965933512,True,55,55,3.1741387763637414,20053.525623832928,74572.2034308695,0,0,0.12995590211527408,0.08714657121847143,-0.04280933089680265,True,0,0,0.10780063993104089,0.08714657121847143,-0.02065406871256946,True,0,0,0.010230864425254399,0.0,-0.010230864425254399,True,0.0044233118011441815,0.011040963609267712,0.00661765180812353,0.0024241428913546756,0.011040963609267712,0.008616820717913035,0.0022944998831029174,0.0065392999873260865,0.004244800104223169
N077,confirm80,faces_150k_250k,200000,1411687,True,8.89606709999498,55,55,18.911218543636444,5861.128480974288,30870.68918317689,0,0,0.06097617547324392,0.0910241865121683,0.030048011038924384,True,0,0,0.04953281565526386,0.024749161817153923,-0.024783653838109935,True,0,0,0.0,0.024749161817153923,0.024749161817153923,True,55,55,4.9955350654543675,10539.340177472388,54059.593104633364,0,0,0.04881449026585768,0.07584694686132536,0.02703245659546768,True,0,0,0.11336164606300854,0.0,-0.11336164606300854,True,0,0,0.02385840439472577,0.0,-0.02385840439472577,True,0.12970685770060483,0.3962270652454358,0.26652020754483097,0.0344121801317391,0.36051167026650577,0.3260994901347667,0.013614621566578111,0.36051167026650577,0.34689704869992766
N078,confirm80,faces_150k_250k,189994,601644,True,11.277924599999096,55,55,13.400969576362563,1986.7622999222453,19202.191738366742,0,0,0.15236365093735071,0.03283376136805269,-0.11952988956929803,True,0,0,0.09349584063926185,0.0,-0.09349584063926185,True,0,0,0.07678736295448423,0.0,-0.07678736295448423,True,55,55,3.726276772726719,4540.9091391381835,31102.30926496823,0,0,0.1811713196550392,0.07279461400728582,-0.10837670564775337,True,0,0,0.12173776142405154,0.0,-0.12173776142405154,True,0,0,0.09315540730112336,0.0,-0.09315540730112336,True,0.10666139033200221,0.05829223388736242,-0.048369156444639794,1.57267683304724e-05,0.0019343924838431423,0.00191866571551267,0.0030692362357605278,0.0019343924838431423,-0.0011348437519173855
N079,confirm80,faces_150k_250k,169380,789796,True,7.660499100005836,55,55,18.227093818181046,3948.470871143624,29364.070333598418,0,0,0.010176083130518347,0.2716177486018225,0.26144166547130415,True,0,0,0.10496546091963707,0.25205521449037444,0.14708975357073736,True,0,0,0.0,0.1465894572770949,0.1465894572770949,True,55,55,2.898969210909457,10685.098431108743,54006.47760172532,0,0,0.1577050131094492,0.35682804127712375,0.19912302816767455,True,0,0,0.1554544993753949,0.3327103198295175,0.17725582045412258,True,0,0,0.0,0.23031113487038185,0.23031113487038185,True,0.0017564813997926712,0.03402220605727993,0.03226572465748726,0.008029629072257292,0.025092588758511832,0.017062959686254542,0.00376388850691144,0.00752777701382288,0.00376388850691144
N080,confirm80,faces_150k_250k,177312,101337,True,9.843498100002762,55,55,37.81437780545437,11463.426744089938,39241.521893679535,0,0,0.12022174929247269,0.09428904194417889,-0.025932707348293796,True,0,0,0.1066706689907435,0.09428904194417889,-0.012381627046564606,True,0,0,0.0,0.09428904194417889,0.09428904194417889,True,55,55,7.176971316362456,27072.87054459141,96897.1808782701,0,0,0.0987323796801995,0.021517381579540272,-0.07721499810065924,True,0,0,0.07096460274745502,0.021517381579540272,-0.049447221167914744,True,0,0,0.0,0.021517381579540272,0.021517381579540272,True,0.08224492539362362,0.2840516962950228,0.2018067709013992,0.028551344572786946,0.2840516962950228,0.25550035172223584,0.013766673292116723,0.2840516962950228,0.2702850230029061
P001,new,faces_50k_150k,98982,762604,True,6.518795600000885,55,55,12.897616765454982,1749.4615677078416,24005.769780918843,0,0,0.038748869971677036,0.001168003444762329,-0.037580866526914704,True,0,0,6.051054658109744e-05,0.001168003444762329,0.0011074928981812317,True,0,0,0.0,0.001168003444762329,0.001168003444762329,True,55,55,3.350472630909644,5677.936969829239,41049.414108071825,0,0,0.06346253102325503,0.0,-0.06346253102325503,True,0,0,0.013183219656693482,0.0,-0.013183219656693482,True,0,0,0.0033146351319426797,0.0,-0.0033146351319426797,True,0.041149737791084336,0.021533898601878206,-0.01961583918920613,0.022254868532120303,0.021533898601878206,-0.000720969930242097,0.026879964083323753,0.021533898601878206,-0.005346065481445547
P002,new,faces_50k_150k,103290,425600,True,6.580185799990431,55,55,19.798590578183013,10884.350899290252,50898.49204915439,0,0,0.10611300388553986,0.0,-0.10611300388553986,True,0,0,0.06123648004732784,0.0,-0.06123648004732784,True,0,0,0.035750967447345856,0.0,-0.035750967447345856,True,55,55,4.695527905453822,20637.943623726344,82512.88253017746,0,0,0.16940475867956817,0.1146747117098131,-0.05473004696975507,True,0,0,0.0726757917105906,0.1146747117098131,0.04199891999922249,True,0,0,0.0,0.09177119196240963,0.09177119196240963,True,0.05869045933818617,0.026518863127149777,-0.03217159621103639,0.05335664514372858,0.026518863127149777,-0.026837782016578802,0.030991801911250696,0.026518863127149777,-0.004472938784100919
P003,new,faces_50k_150k,61868,548861,True,3.6601823000091827,55,55,7.7463670127279,1012.7778721664035,37529.88367209783,0,0,0.017748919200848673,0.001630214143738656,-0.016118705057110015,True,0,0,0.021352263007345097,0.0,-0.021352263007345097,True,0,0,0.009007034266874,0.0,-0.009007034266874,True,55,55,2.180168349091334,3509.441697637819,44415.758250854,0,0,0.03054232995919822,0.0,-0.03054232995919822,True,0,0,0.04238909824193167,0.0,-0.04238909824193167,True,0,0,0.019354538307358206,0.0,-0.019354538307358206,True,0.022132139937220373,0.005965765648840572,-0.0161663742883798,0.0,0.005965765648840572,0.005965765648840572,0.011711049897119212,0.005965765648840572,-0.00574528424827864
P004,new,faces_50k_150k,117656,472054,True,4.306737400009297,55,55,6.248092087271983,1532.2203331194753,19690.294194277754,0,0,0.02772874045528129,0.09003153062946079,0.0623027901741795,True,0,0,0.05206064142643498,0.02949334624354504,-0.022567295182889944,True,0,0,0.02763932494877215,0.0,-0.02763932494877215,True,55,55,1.9493597581805344,6086.998856713195,24185.39045869867,0,0,0.0,0.1734105879652315,0.1734105879652315,True,0,0,0.04290210629796813,0.04007945386626959,-0.00282265243169854,True,0,0,0.040405345364297574,0.04007945386626959,-0.00032589149802798173,True,0.0,0.01933672378962301,0.01933672378962301,0.0,0.002801023927886205,0.002801023927886205,2.7387180612785037e-05,0.0006107341438041641,0.0005833469631913791
P005,new,faces_50k_150k,73994,119238,True,9.109389900011593,55,55,47.607060832728166,8342.98543932636,30833.06737562136,0,0,0.26679098887755065,0.813512597186916,0.5467216083093653,True,0,0,0.13288570968990032,0.16944596794747666,0.036560258257576334,True,0,0,0.0,0.16944596794747666,0.16944596794747666,True,55,55,6.036549567272464,34335.684542932,80742.37885909212,0,0,0.08195707227460101,0.7661813995234811,0.68422432724888,True,0,0,0.0,0.18092012913144437,0.18092012913144437,True,0,0,0.00032332794892111463,0.18092012913144437,0.18059680118252325,True,0.03194999266186427,0.06450912469652301,0.03255913203465874,0.029867153881371684,0.03611567400383446,0.0062485201224627765,0.029434864411457314,0.026232005233609218,-0.0032028591778480962
P006,new,faces_50k_150k,127710,472046,True,4.926462200004607,55,55,14.55820636727228,805.5950453245995,62155.43393110866,0,0,0.03177522687465795,0.0002667780213295245,-0.03150844885332842,True,0,0,0.06818102871550533,0.0002667780213295245,-0.0679142506941758,True,0,0,0.01637219530321375,0.0,-0.01637219530321375,True,55,55,3.3239574000009187,5462.578974737656,67855.5831499062,0,0,0.04846145314539587,0.11198862633933933,0.06352717319394346,True,0,0,0.10804158768895561,0.0027563630991836504,-0.10528522458977196,True,0,0,0.025281880518465978,0.0,-0.025281880518465978,True,5.94242016557989e-05,0.0092687186501493,0.0092092944484935,9.93149035407223e-05,0.007150787680939253,0.0070514727773985314,0.00018999269758428314,0.007150787680939253,0.0069607949833549706
P007,new,faces_50k_150k,76800,313881,True,3.529207400002633,55,55,4.445355434546152,1143.3578350551493,14841.03749173559,0,0,0.056051400512953785,0.014951996559182971,-0.04109940395377081,True,0,0,0.007600685859567268,0.014951996559182971,0.007351310699615703,True,0,0,0.0,0.004020347608269513,0.004020347608269513,True,55,55,1.5935161345442546,3563.74264372525,22219.44411754505,0,0,0.10227086455483855,0.055564015663703635,-0.04670684889113492,True,0,0,0.0028710546457473185,0.055564015663703635,0.052692961017956313,True,0,0,0.0,0.02895178503098349,0.02895178503098349,True,0.0,0.0,0.0,0.0,0.0,0.0,0.0,0.0,0.0
P008,new,faces_50k_150k,134142,99270,True,4.591076199998497,55,55,8.468858221817275,286.65937726267884,33871.75266838334,0,0,0.011850408085678735,0.11958661368508816,0.10773620559940943,True,0,0,0.00396206727256008,0.11958661368508816,0.11562454641252808,True,0,0,0.0,0.11958661368508816,0.11958661368508816,True,55,55,5.210212849090352,1480.375276038141,46220.84953855162,0,0,0.02433196544278229,0.14059299472469886,0.11626102928191656,True,0,0,0.009215671538792835,0.14059299472469886,0.13137732318590603,True,0,0,0.0,0.14059299472469886,0.14059299472469886,True,4.267038645578402e-05,0.04189208271438069,0.041849412327924905,0.00034705246464711265,0.04189208271438069,0.04154503024973358,0.0001564580722674285,0.0412508915047917,0.04109443343252427
P009,new,faces_50k_150k,126080,796150,True,7.452059500006726,55,55,16.89433027818185,4684.285490237897,21660.126893668486,0,0,0.03476022969591058,0.011505387099617874,-0.023254842596292707,True,0,0,0.04444415417188806,0.01024999562465634,-0.03419415854723172,True,0,0,0.06632491281848528,0.0,-0.06632491281848528,True,55,55,3.2373972418173005,14525.210752442359,40285.71147232811,0,0,0.08992236306262578,0.04586775909355793,-0.04405460396906785,True,0,0,0.02175119667875472,0.04586775909355793,0.024116562414803214,True,0,0,0.07853662985324872,0.0,-0.07853662985324872,True,0.021164613425684375,0.007621097468195774,-0.013543515957488601,0.023105753507202044,0.007231566909581465,-0.01587418659762058,0.06277089696450991,0.007231566909581465,-0.05553933005492844
P010,new,faces_50k_150k,69994,72960,True,4.585295999990194,55,55,16.811775152726806,701.0696489250712,25955.946540874524,0,0,0.1378830741970431,0.08358288782226306,-0.05430018637478004,True,0,0,0.0,0.08358288782226306,0.08358288782226306,True,0,0,0.03427783576377338,0.08358288782226306,0.04930505205848968,True,55,55,3.1536042945462133,4404.83236152686,48544.09434477738,0,0,0.18779212034660367,0.144052111901446,-0.04374000844515766,True,0,0,0.0,0.144052111901446,0.144052111901446,True,0,0,0.017130284889074678,0.144052111901446,0.12692182701237134,True,0.0018686505803503937,0.0013312430185779315,-0.0005374075617724623,0.0,0.0013312430185779315,0.0013312430185779315,0.0,0.0013312430185779315,0.0013312430185779315
P011,new,faces_50k_150k,111642,472173,True,21.856520399989677,55,55,38.56131928545338,14201.69646769894,43498.20974547749,0,0,0.11864696709975046,0.4411337562511058,0.3224867891513553,True,0,0,0.0,0.43873404850211273,0.43873404850211273,True,0,0,0.1672395387619159,0.4117072474312404,0.24446770866932446,True,55,55,12.194431210909599,37475.24463958314,131661.4436931465,0,0,0.09199699793676822,0.6110198374485644,0.5190228395117962,True,0,0,0.18618673385230228,0.4092173896326425,0.2230306557803402,True,0,0,0.0,0.20104706484973695,0.20104706484973695,True,0.0077086006343124154,0.02238141881585048,0.014672818181538066,0.013713637026402613,0.018173169436685017,0.004459532410282404,0.003274735154180182,0.018173169436685017,0.014898434282504836
P012,new,faces_50k_150k,56014,71995,True,3.4590275999944424,54,55,7.331838509258684,4161.730666696505,20416.670294871332,1,0,0.014646427600314335,0.2768777601128119,0.2622313325124976,False,0,0,0.029019687854987278,0.2719632619418433,0.24294357408685602,True,0,0,0.0,0.12245838465502347,0.12245838465502347,True,55,55,1.9325365981796163,11904.225748049917,34223.51027800345,0,0,0.01045022649396499,0.28802598656753503,0.27757576007357004,True,0,0,0.0005890543092841562,0.2815224896831627,0.28093343537387855,True,0,0,0.0,0.2199977543087937,0.2199977543087937,True,0.0,0.15015848911183394,0.15015848911183394,0.0018863734770501583,0.15015848911183394,0.1482721156347838,0.0,0.007340414124788267,0.007340414124788267
P013,new,faces_50k_150k,56024,125067,True,9.74247060000198,55,55,26.708309260000664,12871.669444698746,34091.07396668603,0,0,0.09399068629907512,0.3575643355153009,0.26357364921622584,True,0,0,0.07314625620885284,0.2987518452795594,0.22560558907070655,True,0,0,0.0,0.26418955354613227,0.26418955354613227,True,55,55,6.656427898182036,39733.315254621026,74298.0106055547,0,0,0.016144680943202004,0.18325377074669527,0.16710908980349326,True,0,0,0.0,0.10094484716666513,0.10094484716666513,True,0,0,0.015731432269092467,0.08796775448394219,0.07223632221484971,True,0.00993676608059079,0.40197931803967496,0.39204255195908416,0.04006214645022183,0.40197931803967496,0.36191717158945313,0.010960287048725197,0.3751680502911427,0.3642077632424175
P014,new,faces_50k_150k,129714,472043,True,4.810707299999194,55,55,15.695760596362312,1143.0541922711968,63266.277839248796,0,0,0.014975680636893947,0.0,-0.014975680636893947,True,0,0,0.004675693860225594,0.0,-0.004675693860225594,True,0,0,0.022036869439356926,0.0,-0.022036869439356926,True,55,55,3.226423578181791,5040.102614359111,62717.06342463149,0,0,0.03287066733142406,0.02521177539830168,-0.0076588919331223825,True,0,0,0.0,0.02521177539830168,0.02521177539830168,True,0,0,0.06997727633662423,0.02521177539830168,-0.04476550093832256,True,4.8658170222093366e-05,0.009331814557269554,0.00928315638704746,0.0003515741071086157,0.009179827516983588,0.008828253409874972,3.743297499205922e-05,0.0017644929282003992,0.00172705995320834
P015,new,faces_50k_150k,65346,200083,True,4.352469599994947,55,55,11.309543443635762,1726.358161815658,26057.579225028585,0,0,0.0703963389164607,0.22164599220080658,0.15124965328434586,True,0,0,0.016051378347003178,0.16553787055608452,0.14948649220908133,True,0,0,0.0,0.14923441490879782,0.14923441490879782,True,55,55,2.098168238182023,5718.4725117968455,42086.216921774125,0,0,0.1082344351466423,0.3333567348640401,0.2251222997173978,True,0,0,0.09514091465190316,0.30676518264645164,0.21162426799454848,True,0,0,0.0,0.2721448921773661,0.2721448921773661,True,0.0413248520068929,0.0845153698742706,0.043190517867377695,0.00858550793715153,0.014790853290397364,0.006205345353245835,0.005685117038171398,0.014790853290397364,0.009105736252225965
P016,new,faces_50k_150k,68548,1063852,True,7.016964899987215,55,55,14.42464236000087,1149.8524809638345,22888.63199574527,0,0,0.003602095234532501,0.0011170306938769422,-0.002485064540655559,True,0,0,0.008390998169551645,0.0011170306938769422,-0.007273967475674704,True,0,0,0.009927116885386974,0.0,-0.009927116885386974,True,55,55,3.415639194546648,2902.7565602502114,35709.903040132085,0,0,0.0036615445364415054,0.005045216586294914,0.0013836720498534081,True,0,0,0.010868773398890318,0.005045216586294914,-0.005823556812595405,True,0,0,0.025640880212585586,0.0,-0.025640880212585586,True,0.023457721976214187,0.01520720063220536,-0.008250521344008827,0.023213965822821186,0.012294514730523563,-0.010919451092297623,0.016000995711269048,0.010588159115721106,-0.0054128365955479416
P017,new,faces_50k_150k,135314,1396899,True,12.345441900004516,55,55,25.42974921272729,5222.901030287425,33295.59977022465,0,0,0.004488635899645584,0.04358120903993412,0.039092573140288536,True,0,0,0.002637339810960018,0.021095738521092266,0.01845839871013225,True,0,0,0.0,0.01269908724575403,0.01269908724575403,True,55,55,5.953544378182745,12081.334758338002,54877.519525035794,0,0,0.02606697466210867,0.042030651276753386,0.015963676614644717,True,0,0,0.03412818619800314,0.009551978527831293,-0.024576207670171844,True,0,0,0.01448589536844844,0.0,-0.01448589536844844,True,0.020036734016943076,0.04839533795507121,0.028358603938128137,0.008488673522434091,0.030004044164884898,0.021515370642450807,0.01111540957588246,0.022201410290211474,0.011086000714329015
P018,new,faces_50k_150k,118994,96132,True,8.30849290000333,55,55,16.84836151454656,2580.704879307257,20178.558092710857,0,0,0.032387586051632,0.06325566449631538,0.03086807844468338,True,0,0,0.03671600602748669,0.0,-0.03671600602748669,True,0,0,0.008490673471121663,0.0,-0.008490673471121663,True,55,55,4.88929775636458,7108.437908384754,47697.89325866913,0,0,0.05103825785311855,0.09672696962871415,0.045688711775595595,True,0,0,0.05789656286106914,0.09672696962871415,0.03883040676764501,True,0,0,0.036758829807217626,0.0,-0.036758829807217626,True,0.005189188188319467,0.012286980703639596,0.007097792515320129,0.010382232757961626,0.007726153608336856,-0.0026560791496247696,0.005966738156534823,0.0026202296686545154,-0.003346508487880308
P019,new,faces_50k_150k,142994,471989,True,4.9820864999928745,55,55,12.739259785454223,3.520827556398625,38503.487199411,0,0,3.875505997482025e-05,0.21712170648395882,0.21708295142398398,True,0,0,0.00012210658386695215,0.19895831824111235,0.19883621165724538,True,0,0,0.0,0.1965796873102465,0.1965796873102465,True,55,55,2.017157490908126,56.43438300523875,53673.232123788745,0,0,0.0,0.31726224019607735,0.31726224019607735,True,0,0,0.1042583130186201,0.29659668305983167,0.19233837004121157,True,0,0,0.16699205624634944,0.29659668305983167,0.12960462681348223,True,0.0,0.05989669687512647,0.05989669687512647,0.0,0.05989669687512647,0.05989669687512647,0.0,0.0007839965314330981,0.0007839965314330981
P020,new,faces_50k_150k,61410,1504272,True,8.416160399996443,55,55,15.631373385454804,3004.338420796263,35425.590857203875,0,0,0.0,0.1060235863141509,0.1060235863141509,True,0,0,0.03357611440763544,0.1060235863141509,0.07244747190651546,True,0,0,0.04656892290822757,0.1060235863141509,0.059454663405923334,True,55,55,4.36067845454593,8891.791485203006,58515.510814973444,0,0,0.0,0.14489499823725366,0.14489499823725366,True,0,0,0.09557447937829584,0.14489499823725366,0.049320518858957815,True,0,0,0.0733000613458653,0.14489499823725366,0.07159493689138836,True,0.02314887152083705,0.07375243041634187,0.05060355889550482,0.0017475941327939532,0.013042821715025028,0.011295227582231076,0.0009924153782123828,0.013042821715025028,0.012050406336812645
P021,new,faces_50k_150k,55186,916993,True,4.817522800003644,55,55,10.974169841818036,2950.745902379666,37216.62702459676,0,0,0.016320215634175083,0.0,-0.016320215634175083,True,0,0,0.002391040704009093,0.0,-0.002391040704009093,True,0,0,0.001789913290163992,0.0,-0.001789913290163992,True,55,55,2.7858413181812716,9302.282975422739,56365.65590004724,0,0,0.0,0.022359951350626496,0.022359951350626496,True,0,0,0.05101784085589776,0.01804559684261726,-0.0329722440132805,True,0,0,0.012429235338814865,0.01804559684261726,0.005616361503802396,True,0.0010640434160890477,0.0008634828513886547,-0.00020056056470039302,9.95148549905697e-05,0.0008527657415177763,0.0007532508865272067,0.0008068359019233138,0.00010716984298619715,-0.0006996660589371166
P022,new,faces_50k_150k,141486,167109,True,6.890086400002474,55,55,11.076777139999798,2088.4024885537924,14569.507120994216,0,0,0.15407167813256703,0.1340243584771345,-0.02004731965543252,True,0,0,0.16808395121508404,0.08251658950300668,-0.08556736171207736,True,0,0,0.08413756361021862,0.0,-0.08413756361021862,True,55,55,2.9774038654558934,8565.639303772092,27842.205749165787,0,0,0.2173691001365211,0.21069363460934115,-0.006675465527179958,True,0,0,0.10731748771814473,0.0,-0.10731748771814473,True,0,0,0.011292115939308376,0.0,-0.011292115939308376,True,0.13028110348740785,0.07406304629453214,-0.0562180571928757,0.11095706053881606,0.07406304629453214,-0.036894014244283915,0.1042009757577846,0.06947034231099106,-0.034730633446793543
P023,new,faces_50k_150k,56700,43399,True,6.099056899998686,55,55,22.45471696363635,2368.3756632592126,24330.736639440438,0,0,0.008408033756933941,0.29659478324711064,0.2881867494901767,True,0,0,0.1932741924303394,0.013590761508191922,-0.17968343092214747,True,0,0,0.0,0.013590761508191922,0.013590761508191922,True,55,55,4.556454181818514,6465.936103435644,55065.98389509717,0,0,0.020255870357962478,0.21482602352726826,0.1945701531693058,True,0,0,0.20815095369492786,0.0209037705023571,-0.18724718319257078,True,0,0,0.0,0.0209037705023571,0.0209037705023571,True,0.0,0.36092033999972445,0.36092033999972445,0.0,0.31427686795212867,0.31427686795212867,0.0,0.03781909055837276,0.03781909055837276
P024,new,faces_50k_150k,72338,57942,True,3.7610551999969175,55,55,11.480915605454621,2093.1491680179915,37666.1033956054,0,0,0.008130252664791024,0.0,-0.008130252664791024,True,0,0,0.029809580439026,0.0,-0.029809580439026,True,0,0,0.004066798462868662,0.0,-0.004066798462868662,True,55,55,2.000889041816911,5817.875932600881,52878.609878164905,0,0,0.00103941055856656,0.1636222401135503,0.16258282955498374,True,0,0,0.016196201022523,0.1636222401135503,0.1474260390910273,True,0,0,0.0,0.14801898498114138,0.14801898498114138,True,0.009069150780376442,0.0019437778118551567,-0.007125372968521285,0.000421922172426016,0.0019437778118551567,0.0015218556394291406,0.0,0.0019220290847483791,0.0019220290847483791
P025,new,faces_50k_150k,58594,668056,True,36.14055960001133,55,55,39.05903280181678,66.11650845521774,32163.359797423538,0,0,0.023287439321328738,0.0,-0.023287439321328738,True,0,0,0.02636720117899098,0.0,-0.02636720117899098,True,0,0,0.010044838694493718,0.0,-0.010044838694493718,True,55,55,11.720718952727145,144.9051723125487,104203.08263910693,0,0,0.06491623224311757,0.0,-0.06491623224311757,True,0,0,0.027018615502365215,0.0,-0.027018615502365215,True,0,0,0.01858561034021345,0.0,-0.01858561034021345,True,0.0030673258701421646,0.025465088531582424,0.02239776266144026,0.04416645654665533,0.025465088531582424,-0.018701368015072908,0.0021617118763973416,0.025465088531582424,0.023303376655185084
P026,new,faces_50k_150k,87128,1706476,True,5.788025199988624,55,55,7.808549209091474,2256.0896489415,27198.324755597063,0,0,0.020244183954844924,0.06391371979782325,0.04366953584297832,True,0,0,0.0042095006224507105,0.06391371979782325,0.05970421917537254,True,0,0,0.0,0.06391371979782325,0.06391371979782325,True,55,55,2.4341166618176926,7324.884894845185,46535.780791397054,0,0,0.06839974927342085,0.14718771655019106,0.0787879672767702,True,0,0,0.021595051706853476,0.14718771655019106,0.1255926648433376,True,0,0,0.0,0.134361502634552,0.134361502634552,True,0.015690834288019914,0.0057399256590302435,-0.00995090862898967,0.0011274853268702894,0.004784552280660101,0.0036570669537898115,0.0024697900909017275,0.004784552280660101,0.0023147621897583737
P027,new,faces_50k_150k,57292,548862,True,7.8347618999978295,55,55,18.274229343636332,9161.413336935135,37979.364949887036,0,0,0.0294829001778457,0.42000180262065195,0.39051890244280624,True,0,0,0.06445020112211255,0.3665178289798638,0.3020676278577512,True,0,0,0.0,0.3665178289798638,0.3665178289798638,True,55,55,4.0000032636379315,34460.764011018524,65213.18632623456,0,0,0.0,0.6406737290665774,0.6406737290665774,True,0,0,0.028006757588482322,0.6406737290665774,0.612666971478095,True,0,0,0.01725344470223305,0.43538001022136535,0.4181265655191323,True,0.0018594594377236615,0.002342692012091687,0.00048323257436802547,0.000927956189559685,0.0018633436672218513,0.0009353874776621663,0.00041381348547816555,0.0018633436672218513,0.0014495301817436857
P028,new,faces_50k_150k,71706,76192,True,4.466779199996381,55,55,8.63986486909165,5076.374866360643,17368.21243806115,0,0,0.0,0.4644692572676728,0.4644692572676728,True,0,0,0.05074366283112161,0.3765679149215249,0.32582425209040333,True,0,0,0.03201534120480402,0.2923973702149208,0.26038202901011676,True,55,55,1.6488315163643248,11412.04386192077,29076.215338817794,0,0,0.0,0.2090167003714777,0.2090167003714777,True,0,0,0.07036108185168641,0.2090167003714777,0.1386556185197913,True,0,0,0.07145861585969136,0.2090167003714777,0.13755808451178636,True,0.05467572824609909,0.3712313153395175,0.31655558709341836,0.07921259386068355,0.3712313153395175,0.2920187214788339,0.0634264646131253,0.12362150525954067,0.06019504064641537
P029,new,faces_50k_150k,97300,99265,True,9.046427699999185,55,55,13.230950450909653,10115.586828894142,38170.948321125004,0,0,0.0035037813878963627,0.13570359040984623,0.13219980902194986,True,0,0,0.010010682468904446,0.13570359040984623,0.1256929079409418,True,0,0,0.0,0.13570359040984623,0.13570359040984623,True,55,55,4.638965354545772,17089.327509082617,53809.85384205564,0,0,0.0,0.24205338339037796,0.24205338339037796,True,0,0,0.10145676500894261,0.24205338339037796,0.14059661838143533,True,0,0,0.0757932311544683,0.18170639819538645,0.10591316704091815,True,0.0043527322196601085,0.08253008420317866,0.07817735198351855,0.009540817773548406,0.08253008420317866,0.07298926642963025,0.0037483177190490314,0.08253008420317866,0.07878176648412963
P030,new,faces_50k_150k,66096,548860,True,10.83976669999538,55,55,18.90666253818093,11183.104587037182,39937.92168784519,0,0,0.0,0.24169470271041993,0.24169470271041993,True,0,0,0.07366584249025246,0.18893819346119858,0.11527235097094612,True,0,0,0.0391308441302859,0.18893819346119858,0.1498073493309127,True,55,55,4.473084621817741,20648.603279785315,71488.17609737342,0,0,0.0,0.6276397041910147,0.6276397041910147,True,0,0,0.28098270681347753,0.4322344151846089,0.1512517083711314,True,0,0,0.15087395955796776,0.4322344151846089,0.28136045562664114,True,0.015266545467800603,0.04897532143185658,0.03370877596405598,0.014632502969785488,0.04897532143185658,0.034342818462071094,0.00749489564731186,0.03864599636962407,0.03115110072231221
P031,new,faces_50k_150k,97572,82257,True,5.688041599991266,55,55,9.687303974546111,974.8097521257579,32877.898784323,0,0,0.06405984427743532,0.04111823432504109,-0.022941609952394228,True,0,0,0.06480944753181013,0.016826618357158825,-0.047982829174651305,True,0,0,0.0,0.016826618357158825,0.016826618357158825,True,55,55,2.5918940090907694,4514.990302705129,46204.94023454964,0,0,0.21409017995639051,0.06054772623088373,-0.1535424537255068,True,0,0,0.122292053073097,0.014090960678732629,-0.10820109239436437,True,0,0,0.0,0.014090960678732629,0.014090960678732629,True,0.0006652472714861547,0.008958663355575495,0.00829341608408934,0.0,0.0036899045984482705,0.0036899045984482705,0.0004434981632118513,0.0036899045984482705,0.0032464064352364192
P032,new,faces_50k_150k,106776,99267,True,6.48887570000079,55,55,21.028521761817814,11460.697783432799,70342.39191014763,0,0,0.029552701851967858,0.09740058629909427,0.06784788444712642,True,0,0,0.021509566104511605,0.05577630913990224,0.03426674303539064,True,0,0,0.0,0.05577630913990224,0.05577630913990224,True,55,55,4.522476350909511,16544.905089427608,87720.91766769729,0,0,0.07921442261537612,0.20350984768269428,0.12429542506731817,True,0,0,0.11025318034578066,0.20123272546480103,0.09097954511902037,True,0,0,0.0,0.20123272546480103,0.20123272546480103,True,0.03587804350815431,0.03362877111965714,-0.0022492723884971685,0.02676021676118569,0.027466663681546585,0.0007064469203608946,0.009165145089547534,0.027466663681546585,0.01830151859199905
P033,new,faces_50k_150k,103580,496673,True,8.530065300001297,55,55,61.06298296000009,34571.36094019819,129528.09822399268,0,0,0.3709370322576581,0.5460079849763182,0.17507095271866008,True,0,0,0.42819021592837914,0.5273090198562467,0.09911880392786754,True,0,0,0.0,0.5273090198562467,0.5273090198562467,True,55,55,13.064904034544915,119420.86125896456,287993.86483355955,0,0,0.0,0.38446041346832116,0.38446041346832116,True,0,0,0.12252324631979376,0.38446041346832116,0.2619371671485274,True,0,0,0.020887600174538574,0.311054764613231,0.29016716443869245,True,0.0,0.0,0.0,0.0,0.0,0.0,0.0,0.0,0.0
P034,new,faces_150k_250k,196608,59333,True,8.826116099997307,54,55,19.667344268517304,5732.625454932148,20834.183307995463,1,0,0.3045696515668271,0.0380736608544632,-0.2664959907123639,False,0,0,0.2124998086923056,0.0380736608544632,-0.17442614783784238,True,0,0,0.0,0.0380736608544632,0.0380736608544632,True,55,55,4.884110827271732,16147.145598023031,42330.585454516884,0,0,0.30094838460754614,0.0,-0.30094838460754614,True,0,0,0.23165797010302547,0.0,-0.23165797010302547,True,0,0,0.12374555078101937,0.0,-0.12374555078101937,True,0.14556152466970632,0.1257717808830498,-0.019789743786656516,0.1461198250127777,0.08070529320660916,-0.06541453180616855,0.11535619672635596,0.0663058850155517,-0.04905031171080426
P035,new,faces_150k_250k,175524,762586,True,7.69888899999205,55,55,14.305853778182593,6085.486295206047,21376.17531058236,0,0,0.2865212298474071,0.1797807188699181,-0.10674051097748899,True,0,0,0.26461061058375823,0.17520404967286476,-0.08940656091089347,True,0,0,0.037861163560914596,0.0,-0.037861163560914596,True,55,55,4.114892647272791,17132.94414497446,39039.37173430692,0,0,0.16491349990261,0.19026094509670155,0.025347445194091545,True,0,0,0.21435761981763385,0.14179261206075527,-0.07256500775687857,True,0,0,0.0,0.14179261206075527,0.14179261206075527,True,0.0523904911547949,0.050100196911043386,-0.0022902942437515172,0.0,0.0015904823900058916,0.0015904823900058916,0.0,0.0015904823900058916,0.0015904823900058916
P036,new,faces_150k_250k,182040,815481,True,6.461720300008892,55,55,8.688637965454307,577.696992911879,26147.18853045782,0,0,0.17104642322359878,0.0,-0.17104642322359878,True,0,0,0.09497007959394177,0.0,-0.09497007959394177,True,0,0,0.08234869001393717,0.0,-0.08234869001393717,True,55,55,2.7400449763636887,2480.9659938397813,36815.944057384004,0,0,0.2897595174667246,0.0,-0.2897595174667246,True,0,0,0.23537833625396168,0.0,-0.23537833625396168,True,0,0,0.18093100571926804,0.0,-0.18093100571926804,True,0.048437850056079076,0.04732126885492937,-0.0011165812011497064,0.08482851668568066,0.04732126885492937,-0.03750724783075129,0.01956240793071315,0.04732126885492937,0.02775886092421622
P037,new,faces_150k_250k,172918,960066,True,9.050568899998325,55,55,8.00040755454578,337.25371182161734,18883.39486080411,0,0,0.03707718331662954,0.00525980018163317,-0.03181738313499637,True,0,0,0.00890481980515876,0.00525980018163317,-0.0036450196235255907,True,0,0,0.0,0.002816448733026865,0.002816448733026865,True,55,55,3.939070325456454,922.6467408333351,36664.8281586304,0,0,0.07616299657210697,0.008869129403945441,-0.06729386716816153,True,0,0,0.017196451324007968,0.006159767621045913,-0.011036683702962055,True,0,0,0.00430633378809541,0.0,-0.00430633378809541,True,0.00392345065699124,0.004981313579202429,0.001057862922211189,0.0034834553076067603,0.004981313579202429,0.001497858271595669,0.003290606410911366,0.0029947798255955194,-0.0002958265853158465
